ID,Predicted_Target
1,77.3216958036258
2,96.30356144073062
3,83.63224470862014
4,76.58796602545266
5,110.56772124918865
8,90.0461400404386
10,110.3023343124662
11,95.00106472722752
12,115.89477853443356
14,98.22973501054858
15,116.26074998263573
16,104.00865819026666
17,94.01188518463405
19,96.75376521981599
20,105.53347869233731
21,94.15055446300453
22,117.19518634093669
23,94.01991625895818
26,97.13121480158532
28,92.55991783672748
29,94.01991625895818
33,94.01991625895818
35,95.04873121230365
41,94.03279847879858
42,93.3092475135951
43,115.09711939409627
45,103.01212438438037
46,106.47290914508888
51,92.794428865231
53,86.92657340049028
55,111.29673344565707
56,94.19038326019898
57,104.21648612058152
58,96.451646513645
59,106.50334299189434
63,111.62147931500289
64,96.95451535816068
65,106.75843767535503
69,97.21059787308036
71,97.37497189266318
72,105.22906233472837
73,94.19949405336158
76,106.8019072000722
77,104.37462331967909
78,116.5026070194735
82,94.25205430668377
83,106.75843767535503
84,97.3160123476001
85,104.73900673242703
87,109.92641638026373
88,94.03279847879858
89,111.43029995092046
91,94.09891629468027
93,97.09019383389972
94,105.5388429539828
95,96.32670518304197
96,113.61405679636788
97,91.10607396114399
98,111.02407207527857
99,96.09168641879924
101,106.42248882086581
103,111.43029995092046
104,93.51015150763862
105,109.47143092039279
110,98.06225039645875
111,109.92865570888281
113,111.24228018508484
114,91.58403242642089
115,104.40401327737177
117,111.43029995092046
120,91.80768735039075
121,112.61023069669672
122,89.44939980653002
123,114.9470108138182
126,110.36170338641082
132,117.22113767704076
135,109.56205096605352
137,106.40117424887063
138,96.9693949956799
140,94.55403905501616
142,103.24556482567883
144,110.99543493171964
148,90.13350297469405
149,111.61416819348045
155,91.27675042244866
156,110.68230439117264
157,91.10607396114399
162,112.27559508047281
163,98.33112266339216
167,92.04268237561368
172,115.09711939409627
179,111.93614407973531
180,90.57824925080844
181,109.30917930230979
182,98.862504407658
183,111.43029995092046
185,111.43029995092046
187,111.64923365654406
188,94.31355785913414
189,95.28274452315887
191,90.76505508637474
192,104.57906475061459
193,95.66552223036318
194,109.66141010453833
195,91.94053669747103
196,110.31271888184514
198,99.67029655004134
199,111.64076282985113
201,104.93648186120092
204,97.10165151321205
205,104.2002421465094
206,97.02323897518855
210,96.13367978140874
211,106.42248882086581
216,112.93047759770599
219,115.9180074819831
220,94.50767459109976
221,108.98918988953429
226,109.30917930230979
227,92.1632434618667
228,111.46860275414654
230,109.67893933569832
231,91.10607396114399
235,117.21609963510122
236,95.04362444449397
238,109.27595986961248
242,105.67222805127685
243,94.14810746617526
244,80.746597100141
245,111.37869290229922
247,108.98103025760412
248,90.63377507233587
249,93.28496085924732
250,113.32869573245782
251,95.04362444449397
253,117.21609963510122
254,91.99680187138338
256,94.53911895200069
257,89.87205061395665
258,110.04267579798366
259,95.8444315680128
262,86.20521703561796
266,91.49048609670868
267,110.76343435686444
272,104.93575556417622
273,111.43029995092046
275,90.30057690662005
276,114.91737366872763
279,97.11309657113372
280,106.75843767535503
283,90.77925731493971
285,111.4562903731912
288,111.43029995092046
289,96.55771523338748
290,104.92415093873302
291,97.57148441836873
292,112.86344969048099
293,109.98305173666014
296,89.36428159954673
297,111.94075684925832
298,116.33030828396936
299,94.25766006766071
304,91.97656280804559
305,88.4570208616512
306,94.61955462685609
307,109.25328151083637
311,106.6807449885934
313,109.13688056680564
314,91.06058653847737
316,98.80148822929783
324,98.50538202396945
327,97.72287706552125
329,91.798005934828
330,109.783416809546
337,105.98832345037317
338,100.28124786525693
339,106.41347452234906
340,96.98802451871596
343,90.88645935505873
345,116.2872690377772
346,90.65873931175896
347,110.6766769488838
349,103.56943124360862
350,91.07876872292164
352,109.57028975186812
353,89.9718735454868
354,81.97230569571667
357,94.07188112829317
358,110.53055425023422
362,112.15400348610622
364,99.435715927067
365,106.80747412997773
366,98.63808869334302
367,109.14702023529222
368,94.59639242816453
370,83.65368856727315
373,95.96075895261703
377,92.4175358241526
378,110.06542420990318
382,106.80751296104913
384,111.47420851512348
390,96.8615038134618
392,112.93045694645829
393,113.22290726746678
395,98.9223453920714
396,108.8142604591482
399,84.45913851567863
406,109.13688056680564
408,109.13688056680564
409,91.10830176547658
410,77.43996837151968
412,112.05065503476294
413,89.45871060277398
419,96.09797586067762
420,111.8499920930167
421,90.37544130053037
430,95.43233780238403
434,93.09421593725425
436,97.31819897364144
437,94.21462473266483
438,91.32517578606638
439,109.8392627002016
440,96.08451421492168
443,109.53873821371701
446,96.91004734448038
448,95.5395751002968
452,95.6980198130336
453,104.85277832827873
457,105.24201499301364
458,93.35702433800657
459,109.01735365986661
460,104.11115995717536
462,107.18033675061714
464,106.13924135133996
465,115.92361324296002
467,110.58893904312134
471,112.76459182159857
472,76.90262602850854
473,93.15364451940142
475,96.23891296425828
480,95.82343527505583
488,110.01098818438986
490,109.25328151083637
491,106.54231672590274
492,83.58681313677833
493,94.76631966462925
497,91.07277650991931
498,109.28481451460286
499,95.16539836840893
500,106.34763253566467
501,93.29552078555622
502,108.80319596423851
506,86.8473821644659
510,110.86574162566684
511,88.83104554781639
512,91.68160499079727
516,92.80842217930089
518,90.59157941516904
519,110.56739634898476
521,91.78325601393281
522,111.21670026178609
526,111.9399047186967
529,96.67092618748458
532,110.54969516161313
533,94.44739490093603
536,112.7241177969939
537,92.2597419894599
539,94.25516195074728
540,106.44042550431064
541,98.66145747266243
543,95.22684673168544
546,112.77116355902801
547,95.29604997075064
548,86.45206563908106
551,94.02231436408881
552,104.19002164192594
556,108.42627234236976
557,98.04084383647954
558,109.14702023529222
559,97.48727904461161
560,104.79824077092205
562,104.00652768234755
566,97.49513135349456
570,109.28481451460286
571,94.21462473266483
572,106.76404343633196
573,94.34057934876876
575,115.92361324296002
576,110.38871098342496
577,89.13572882659633
579,89.46326313593595
580,110.56169982696734
581,117.16523988556733
589,109.25328151083637
591,104.79704221320662
593,96.2271228399373
594,107.25323504381436
595,95.54410718657843
598,94.03464528655672
602,111.93477263585514
604,112.29358920650597
606,102.4815179877869
608,98.64807916947242
609,106.42809458184273
610,93.04728947699438
616,110.77965196463592
617,97.13287928721894
618,103.27128838112932
620,107.36992193262658
622,109.81373667339565
623,89.46672878422204
624,98.32644493265265
626,109.39956662116174
628,110.2844951485142
629,91.23072047067416
630,109.68454509667525
637,99.54213212205119
638,107.70917459069682
643,96.38346793517466
645,95.82343527505583
646,112.54356496821912
648,97.28225844736232
652,97.28874776730949
653,94.27612828511519
654,109.28481451460286
656,113.42179042342367
657,93.54813525314182
659,95.25787363075165
660,106.6593744768179
663,91.35177216367046
664,109.7687833821239
666,104.11024752763304
668,111.27231058587722
669,95.15222769007903
671,96.09733385265727
675,93.85677029351274
677,95.09010147007228
678,111.2702147901417
679,107.9580281369108
682,97.52901832919292
685,105.22865548698289
687,97.62339439269051
688,93.67963482277425
693,109.50597533017334
696,97.63088348114846
698,95.27276712880497
701,96.22112928552644
704,104.88236621042333
705,116.35565111447946
709,111.34731167562431
710,95.47382140292636
711,108.46002633837985
712,97.46998683528035
714,110.57613900850583
715,90.00415294119213
716,109.24184109050996
717,93.94842807210051
720,116.2758286174508
721,90.75922042702527
724,104.70824394781286
725,96.96592645339207
726,112.00695753857237
728,108.80444082670328
731,91.56429864891014
734,107.34859290346488
738,92.37389636764992
745,110.80375074125658
746,91.78893163156324
751,81.04564419805772
754,93.63228635464078
756,91.86729530857203
758,94.00748582633622
759,103.22458493797829
761,117.01220129646032
766,97.58727644657185
767,113.02018625887474
768,89.45528836389565
769,110.73190833712258
770,96.62354439520412
771,83.57537271645194
772,105.32521216608957
773,94.21019416890118
774,109.0669905080914
776,111.46276809479707
777,95.13228383707472
780,115.0912847347468
782,106.42898508398423
787,104.40869783955203
788,94.24372153042087
792,89.81894415871281
793,111.50061179131627
798,97.95418074362154
800,90.93092443293114
806,109.24184109050996
809,111.80987655317476
811,110.65865387636057
812,90.78272998978812
814,115.91217282263362
816,105.87218460510256
817,97.49987639935837
818,104.73204922905292
820,111.4474751586975
823,93.36699964633786
829,89.38734180813479
830,104.12679516992189
831,90.06101698084767
834,110.69552694991884
839,95.57341872787602
841,81.23776394662474
844,106.47326328325327
845,92.67219326185081
848,91.96512238771919
850,98.54926206354186
851,104.15885697223767
852,95.54895713160168
854,94.81087467154586
855,98.416139647014
856,106.63251660918664
859,106.98182887702039
861,109.0669905080914
864,94.23858598321036
865,109.12849406054174
866,90.81429392019163
867,91.31161724787961
869,95.19659119211113
871,89.5471372430173
872,109.24184109050996
882,104.1606039474523
883,93.08277551692785
885,96.26092500544598
888,97.6285173640868
893,109.13224576427206
901,111.32027792226565
903,106.53087630557634
904,95.89993079105164
905,105.70057102814265
910,95.44833905991226
911,113.15833731857721
914,112.6535399412788
918,108.79371778896052
921,89.60454239107968
928,94.97661856516984
929,105.78839583813763
932,97.59506919802872
933,107.44356332039798
934,95.44833905991226
935,109.99487539248472
937,85.11305351475478
939,94.24621964733431
940,105.68592054998648
941,95.55523087373847
942,105.14432768829381
943,96.12303302221282
944,104.52291270861775
947,109.24184109050996
949,112.53969561962202
951,109.62842112951945
952,97.95550526639902
953,106.53087630557634
954,79.25050396994862
957,111.47920407061895
959,90.13482937650528
960,110.48121703931533
963,115.91217282263362
965,109.24184109050996
967,103.86309031495915
971,94.73566510047607
972,77.38456216281509
973,96.89755745455517
974,111.37722676727356
975,95.65987928810887
978,104.06657154685507
980,109.95640296913348
981,95.1917977581508
984,112.70036499571215
986,95.44833905991226
988,89.45528836389565
989,114.24000050128207
990,106.290358467091
992,111.32027792226565
996,94.45043916312488
999,112.61442810409507
1000,95.80297223729045
1001,109.12849406054174
1002,90.00153102456883
1003,111.46276809479707
1004,90.45532136786076
1008,112.77035347402713
1009,96.16467653816795
1010,107.55265291880987
1012,110.6485161237716
1013,93.82159055068763
1014,109.72305810727791
1015,89.72002192024175
1016,116.11149304777238
1019,90.64371504646724
1020,110.47337406879731
1021,95.44833905991226
1022,104.71138223829472
1024,95.44833905991226
1025,83.15488190072446
1027,95.29890475673338
1028,105.45168321553435
1029,93.38607636414905
1030,96.59487782564013
1033,111.60634117849087
1036,95.33285406375602
1037,109.84488318224584
1038,91.23867816277709
1042,94.24621964733431
1043,105.90793359554756
1044,94.36778673237299
1045,110.60990681426404
1047,108.54449221218123
1050,95.09900536732832
1051,109.07074221182171
1054,93.34558391768017
1056,95.1917977581508
1057,92.96637457289712
1059,97.00538753751641
1062,97.01565998789015
1063,102.19010805355137
1064,95.1917977581508
1066,94.52175955093834
1070,105.32614302094167
1076,110.85479060844446
1077,90.20256462463217
1078,111.65259750770845
1080,111.3848981907375
1082,104.5267093526077
1083,97.69002091653715
1089,103.14780358801443
1091,97.57689539903356
1093,96.82767177269409
1097,96.7970749414262
1099,90.44095129145319
1101,95.39671709485901
1103,95.09803590104262
1104,109.22333470067304
1106,106.62176767677873
1109,92.82555551792633
1110,109.96760927495279
1111,99.50303507262049
1112,117.37690514255564
1114,92.7369722408283
1116,93.40593161615747
1117,109.93984095798176
1120,90.24536351295058
1124,109.55243041866343
1125,92.4081382824419
1126,113.10512583713134
1134,110.52437207904711
1137,92.07702224929426
1138,109.71737131568976
1144,109.53523920878499
1145,95.48104480119878
1146,90.99752415309773
1148,95.36100247226918
1150,90.60901930776775
1152,106.42164131820003
1153,96.7998250732954
1154,107.4374631750865
1155,94.25610123473142
1157,92.29067182973276
1162,94.19459768228107
1165,111.41220732676014
1166,93.68289862519566
1167,105.09775128438295
1168,95.61088327143155
1169,106.93020691196715
1171,117.15864301069851
1172,98.163532749436
1173,106.93020691196715
1174,94.96103090576852
1176,98.69853086614053
1177,104.15563118482291
1178,94.00881874291352
1182,111.33930105607065
1186,95.76037288967618
1187,111.23188646364002
1188,93.22750423484462
1189,115.03966276969355
1191,109.08185246804001
1192,94.21091632287371
1197,111.16910979689973
1198,90.76103634103158
1200,77.1281904134031
1201,95.32011615660902
1203,96.52259552578323
1209,115.86055085758038
1214,105.68675282106175
1218,110.5821064920961
1222,93.73872011066666
1226,98.12032143199778
1228,95.59271014331908
1230,95.68169651579919
1232,78.50327858674545
1233,94.23326823219321
1236,108.60927119115871
1238,93.52935736022599
1241,109.53523920878499
1244,107.16927612489442
1246,93.75267263419768
1247,110.12302787611763
1250,111.38450372261622
1251,91.58192257202845
1254,108.78894201713094
1255,94.89997887707905
1256,108.92718075343316
1257,90.40211404465566
1258,95.52923117489485
1259,109.28798435799852
1260,95.99240233341581
1263,109.43747397624317
1267,82.56561293748067
1268,112.29257142688458
1271,94.29383560398176
1272,109.08062379921881
1274,107.6947983107952
1275,94.19459768228107
1276,109.01912024676847
1277,90.60211485458913
1279,90.99752415309773
1281,98.61678805526866
1282,93.22750423484462
1283,113.02229963520182
1285,110.16200581744819
1286,93.07416730673891
1289,111.48301783125468
1296,112.52197103295552
1299,90.51125407522593
1301,94.39881719807165
1306,89.96989278613128
1307,94.29126053465708
1308,92.31159873351392
1313,109.01912024676847
1314,96.7113584648396
1315,109.96760927495279
1316,92.43357256257495
1317,108.90271930273774
1319,91.54984462784877
1323,95.58927401098792
1324,107.22637290554515
1325,92.09429843123223
1328,107.91566908648943
1329,95.00108580646874
1330,109.01536854303815
1331,96.0398907393429
1332,106.8235008110345
1337,97.0739041488952
1338,111.68979599109304
1339,91.72019362855318
1340,111.23739025981821
1343,111.01278030449592
1347,105.32948492873702
1348,95.35307803157181
1349,106.81361157847104
1352,91.03000002275778
1354,98.49475878416263
1359,114.19616106159809
1360,95.25809408583079
1363,108.93519517239778
1364,97.61173738575526
1365,104.60372243851532
1366,96.12639190845486
1372,97.53841315791665
1375,105.9326391884265
1376,92.96354711809659
1378,91.88314336912644
1379,112.0633144743958
1380,95.42919296451906
1381,106.9626827816272
1384,104.63474823345904
1387,90.543729944886
1388,110.21137676503682
1392,84.66330742088876
1394,108.24376657065375
1395,97.5169626237261
1396,109.10629405108605
1398,97.01588067226386
1399,109.10629405108605
1400,93.58914179104269
1401,92.96098988427178
1403,95.71423892909935
1404,101.63470344766195
1406,109.10629405108605
1407,92.785766751081
1408,109.46994984590323
1410,82.59808880714073
1412,109.22269499511678
1413,96.63220597797434
1415,96.56510513876877
1420,109.46994984590323
1422,110.61458236175616
1423,101.16032780433446
1424,109.46994984590323
1425,98.78082839064345
1426,82.59808880714073
1427,96.55507139544328
1429,89.2551517445603
1430,109.37480041305952
1431,98.2805926075901
1432,105.60199467871443
1434,111.14309814386617
1437,94.24089407562033
1438,107.18475927814218
1440,112.13652543222928
1441,109.53491575555306
1442,94.04129461257358
1444,109.65455237667447
1445,96.69782472339215
1446,106.4138267067158
1448,90.15630979311774
1453,93.34630795838372
1454,109.22269499511678
1455,94.24339219253378
1456,103.2270419788938
1458,109.22269499511678
1459,91.0622598587518
1461,96.96588213544896
1465,90.543729944886
1466,113.16941237621906
1469,95.62174988064797
1472,93.34630795838372
1474,93.32865790296665
1477,106.11160933824488
1479,109.6065611380667
1482,96.17945797566087
1483,78.35340452894812
1487,95.44533223535336
1488,109.25422799888327
1490,110.27093896641631
1492,101.42762492604201
1494,115.27145886449237
1496,105.53385374937741
1497,99.07557162563673
1499,97.6410869675157
1502,94.08600158265607
1507,102.18270676096462
1508,91.03000002275778
1509,109.79355044073756
1511,91.76978553617005
1512,109.4694288698953
1513,116.6796962036596
1514,110.13400460170836
1518,109.74717263203166
1519,89.60602858353546
1522,111.09713997144003
1524,77.18208201172085
1527,94.04129461257358
1529,89.40991079257829
1532,105.41589297777476
1536,109.89854123652614
1537,115.89302672724043
1539,106.47009824063592
1542,111.82807311929703
1543,92.96354711809659
1544,107.36508164134669
1545,83.73791649517011
1550,93.07994806212731
1551,110.77492843242688
1554,104.00459072968853
1556,106.45411718786008
1559,90.43458991431572
1560,76.73186012118269
1562,96.84928703353573
1566,91.0139784831912
1567,109.59245502850531
1569,105.22271805021511
1570,117.52578195624642
1571,110.4132797031202
1574,91.03000002275778
1578,106.40983898859105
1580,89.78365414713836
1583,109.51066363751359
1584,91.03000002275778
1585,109.02449243961324
1586,94.66955715394799
1587,111.44362199940389
1588,89.33814144490003
1590,115.73028704225112
1592,106.31967296004093
1596,102.61604296069603
1598,111.72957737408169
1599,92.66936580705027
1604,103.93508905381496
1606,104.70442833419047
1607,96.63220597797434
1608,105.77620855617036
1609,117.19111888035857
1611,95.76842412521468
1613,97.27386711472717
1616,98.36541831974746
1619,114.97627261317783
1620,91.16235190721198
1621,109.52227174072944
1622,95.13751141596347
1625,111.30113182687245
1627,117.19111888035857
1629,112.42641194583499
1634,96.32006297018496
1636,94.5002473384835
1638,105.36002856242187
1639,95.1617529538922
1641,96.57139003603594
1643,97.43446822610845
1644,105.5763918557986
1645,115.0721386393536
1646,94.93773324537663
1647,103.98827208909587
1648,95.4216743043034
1652,89.78365414713836
1653,111.36860603245329
1656,90.27083092685
1658,92.66936580705027
1659,109.63642934979568
1661,97.41560216583709
1663,96.63220597797434
1664,111.75433233470378
1665,94.30489574498412
1666,106.45411718786008
1667,105.29492818038992
1668,79.01623964271597
1669,104.06516844893682
1670,97.52308981001013
1672,111.71936969189866
1674,109.70391201188473
1677,109.25422799888327
1678,90.81153863885467
1679,110.10851947174612
1680,91.81479373201873
1683,105.71889071012664
1686,106.25237896093174
1687,110.43667786527509
1689,109.11643371957263
1690,91.97876828079549
1691,116.2566825220576
1692,111.57202896147115
1693,91.03000002275778
1695,95.09617791252778
1696,93.34630795838372
1697,109.7528302938264
1700,106.45411718786008
1701,97.0226547849226
1702,110.97252745433153
1703,89.64252585468752
1704,110.96647312684588
1706,96.85407289966697
1707,112.68121890031897
1708,95.05625071872687
1710,97.06067288441665
1711,104.0719397024023
1713,104.88865327103028
1717,104.26874687770923
1719,106.40983898859105
1720,93.2373162648675
1722,97.24222496707068
1725,105.77767994881471
1726,95.06858164119478
1727,105.22066506213895
1729,110.43888661592968
1730,89.99003773332343
1731,111.73494249897348
1733,106.45411718786008
1734,97.12342939964319
1735,110.61458236175616
1738,97.27386711472717
1742,97.31606117147896
1745,109.70391201188473
1747,97.13905572895332
1749,95.97343164944664
1751,96.74753262087673
1752,76.95956744166705
1753,104.03548284054519
1754,97.03301267689731
1755,96.285642367335
1756,107.28217125580952
1758,112.23349394204156
1759,94.32070811133008
1760,104.97648610278667
1761,111.15820515719633
1762,90.68618069580052
1763,112.4179318363552
1764,99.42006116041543
1766,96.64390180461315
1768,94.33909848853354
1769,82.71193938764318
1771,111.11476256124787
1772,97.72601396042185
1773,105.10339466747097
1774,99.31369583026776
1775,112.54741265853497
1777,110.09709152708824
1779,94.32070811133008
1780,106.81077283940868
1787,89.71984177348384
1788,95.42896315850484
1790,95.41344889557618
1796,109.70723672467881
1801,90.84768170736297
1803,95.35237193023151
1807,109.93048394812833
1809,112.44371977747669
1812,94.18992030580807
1813,110.70427870033825
1814,92.57309144034474
1815,110.79595374776538
1816,93.78525629148334
1818,90.49458703423811
1820,89.80253146971904
1821,108.60266203558434
1822,95.66212106828961
1825,94.44219037848536
1826,104.12521784612545
1828,95.34782675343396
1831,103.59015090493257
1836,104.31553197171809
1837,94.38539485896268
1841,93.40597382176296
1844,104.45375422712921
1848,96.6465996484119
1851,106.54741415943224
1852,97.5702862434592
1853,90.87714770504573
1854,109.43989193553948
1856,99.28394198053985
1859,112.36080049636864
1860,97.12942207820807
1861,80.3793504208547
1863,105.74944540762588
1865,95.61340069714159
1866,107.31424633694024
1867,98.91345255340771
1868,90.083497568301
1872,94.8496991005689
1879,97.8622774178987
1880,104.79134189648067
1882,95.8265234989705
1885,105.79620662892296
1887,104.73895693290014
1888,95.36667336256534
1890,108.15739808736474
1894,97.10392818273702
1895,104.73909804463996
1896,96.28873479644602
1897,113.46000110484289
1900,111.14073859412795
1901,90.51190583311202
1902,113.67419153851621
1905,92.75998178275863
1906,111.15030417370103
1912,106.58904612897946
1915,96.14137706121763
1916,105.3913762053911
1917,95.97712544779353
1918,104.03425728794433
1920,77.63105725710912
1923,94.5982574984054
1924,105.17956101500397
1925,95.30937887401336
1930,117.26843479915487
1932,109.18360996988235
1933,97.70575403320262
1934,112.92268942064878
1935,90.75916068389847
1940,82.67540472593704
1941,95.11057172427066
1942,110.33760709517568
1943,94.10780192876177
1944,91.54701256543484
1945,102.7955612228338
1948,115.97034264603674
1949,91.45669278909803
1952,95.88843796537464
1954,91.10731594155409
1955,109.54726576469953
1958,93.83101681889029
1959,85.71070415151401
1960,112.4179318363552
1963,96.21543056048253
1965,95.7116582033133
1968,106.91323025697304
1969,97.68905330455156
1971,97.2806521150057
1972,111.18064329870454
1973,89.84960553017758
1975,90.36066715115673
1977,97.6306081423007
1978,95.77577258193196
1979,109.33034475851204
1981,90.3847049262299
1982,111.79969238575637
1987,110.18063389681238
1988,91.09129440198751
1993,99.26321377025816
1997,96.46240788392473
1999,96.57333773013711
2001,97.35118303352347
2002,109.02655000538714
2003,93.46555689239439
2004,83.98299858499288
2006,110.54808120700638
2007,97.44868433547009
2009,105.59439622808759
2010,97.30322224527434
2013,98.66930511914221
2018,83.46555618085998
2022,105.75407920126122
2024,107.99256887754026
2025,96.80801317309081
2026,106.21512069212667
2030,105.60672715055549
2031,94.7990609575917
2032,106.58904612897946
2033,95.95932680274109
2035,92.47313235418584
2036,109.02610610246985
2037,91.19784395958098
2040,97.16543173518738
2043,111.83576427511751
2044,108.48138582102403
2046,107.48527212035906
2054,116.66246594342215
2055,95.6014564503861
2056,106.81077283940868
2059,91.19436143395919
2060,90.51190583311202
2062,90.09782170538006
2063,111.33656519443143
2066,97.10392818273702
2067,110.63039472810212
2072,91.06634839034916
2073,110.13409558674292
2074,96.93165893672966
2075,109.27428834394168
2076,94.41089150740837
2080,91.06822976953408
2082,90.51190583311202
2085,111.31096774613275
2087,109.3712991225059
2091,112.05905739112202
2092,98.1937650702685
2093,106.81077283940868
2098,96.41838708017255
2101,112.4179318363552
2102,90.29526680909935
2103,82.67540472593704
2105,107.13634184045917
2106,94.38730875184547
2107,111.11051965391549
2110,95.7447492161103
2114,95.03830841287198
2115,109.04583841676157
2117,86.79999300693336
2118,96.44298364497163
2119,103.74511385520029
2120,95.22942839583285
2122,90.54937843848067
2123,109.83712360766201
2126,97.04585281337386
2127,106.1925418599976
2128,93.52237476579369
2129,109.96203365511272
2132,99.47034587449329
2135,106.338832527121
2138,94.51874865501458
2139,117.26843479915487
2141,104.66480754068442
2142,94.32240885884801
2146,96.53420756045888
2151,111.85045457136057
2157,106.45674917880851
2159,110.16772481745024
2162,94.3568599556257
2164,116.12690169400038
2167,90.19325446685679
2168,112.44004228079571
2171,90.46596645085455
2173,96.90796325262643
2174,107.47247608855224
2175,92.39743454553162
2178,94.24279614985313
2180,97.34214996596138
2185,109.37575940422602
2189,92.06480548453818
2190,110.62136166054003
2192,106.31749207932172
2194,109.03365956509843
2200,105.49137357628092
2201,93.28681900930134
2203,111.253004251182
2204,93.22172452320045
2205,114.1059728399012
2209,104.58685419079124
2213,106.3217586128572
2214,93.77454384609425
2215,110.916011311834
2216,93.46472350578242
2218,93.42004455935813
2219,105.98463521748478
2220,95.32637693706502
2222,91.1811310827839
2223,110.42743977881214
2225,109.54837236562402
2226,92.55769456271102
2230,97.47038436550977
2233,110.73781165073612
2234,113.71864532361364
2235,93.22172452320045
2236,76.39082492866478
2237,95.68298189732718
2240,108.77653345198713
2241,92.76895107742163
2248,104.65568664915688
2249,95.6318219509116
2250,109.57391864590188
2252,111.07698220948652
2253,93.38782766110968
2254,111.0588119861645
2256,77.5095421298839
2258,93.30232995743117
2259,111.67674167817745
2262,97.09489511517494
2265,94.2928582862619
2266,106.84902633080883
2269,98.61320079470218
2271,98.64002080204264
2273,90.73738535741461
2274,106.45851214465914
2275,93.40321995333207
2277,94.8823392403722
2279,93.22172452320045
2280,76.65707826547386
2282,97.34214996596138
2283,103.67640859578631
2288,90.6695575363125
2289,104.38949100783614
2291,95.05321558235153
2292,116.89574593677561
2297,95.61155968888774
2298,104.07763452711765
2299,95.78153491178968
2300,111.85510106490597
2301,91.90303196173653
2304,95.59242338282401
2305,104.50178626401024
2306,97.09489511517494
2308,94.38952751737837
2309,109.84130564293649
2311,97.81123226780628
2312,107.82932315444324
2316,104.67369419507062
2321,104.14022255363653
2322,110.29445504268622
2325,106.43596352701886
2326,96.12621039899312
2329,116.89574593677561
2330,94.96525852148025
2331,104.64186583782788
2332,110.73544553367448
2333,97.09489511517494
2334,105.66410821575387
2335,109.02793947432743
2337,112.02691100278321
2338,90.57357029920708
2340,110.73544553367448
2342,90.1426037388365
2345,93.07851450718402
2349,95.06214664919472
2351,77.90306105557377
2352,95.10399438424004
2354,109.6523165702719
2355,113.35136492388699
2357,109.54837236562402
2358,93.69244163538784
2360,96.45564920295848
2361,109.6523165702719
2364,94.1095774638078
2366,97.1834746875229
2369,108.0020914469742
2370,96.15897006754187
2371,110.98270038446093
2373,103.00373390028305
2374,98.43549723354815
2376,111.5119048506381
2378,102.25683273913234
2382,99.39852248650675
2383,90.89901368055108
2386,103.57824886232751
2387,95.5913975994464
2389,91.61980604378502
2390,102.1443780544633
2392,90.17786167046783
2398,110.73544553367448
2399,95.34900520468072
2400,91.06964624525497
2401,109.17563834794252
2402,93.3947206735212
2404,93.92932162342473
2407,102.80399988563772
2408,106.36098524464158
2409,110.68061279027135
2412,86.87315311209186
2413,97.33510953934362
2415,93.40847501697655
2420,102.07015654724815
2422,95.38533841537611
2423,104.86631771657352
2426,95.55789447700154
2432,93.61778515865235
2434,89.83585220539372
2435,91.6552851202781
2436,109.39926062417736
2438,101.70018866344036
2440,108.36375309080395
2443,99.00978079090845
2444,90.82109052499622
2447,104.65568664915688
2450,97.78893209256226
2454,92.01719210107952
2455,112.61688605807518
2459,97.09489511517494
2460,109.12457851507772
2463,96.62768161983547
2465,93.11534718207132
2468,82.66637165837494
2469,93.4565238248323
2474,92.97686627693469
2478,94.78335527173716
2480,92.9648618090677
2481,108.77653345198713
2489,97.34214996596138
2490,105.5976940829934
2492,90.75012761633639
2496,97.09489511517494
2497,112.98425566700794
2500,95.51669818235295
2505,97.1563986676253
2507,91.14996586406404
2508,114.1059728399012
2509,97.17057562273357
2510,87.44453166817419
2513,90.23523313956392
2515,97.34214996596138
2518,90.89901368055108
2519,102.54034161095592
2520,90.89901368055108
2521,112.66399895544222
2523,108.58713961733977
2525,94.75032566679405
2529,113.88739370436804
2530,93.39249445105683
2533,103.33181430098313
2535,91.67701319478057
2538,103.22428808553421
2544,102.96655362637226
2553,109.21727624254551
2556,96.20033207647391
2558,90.16074677074275
2559,104.86974433686949
2560,94.1446339990894
2561,109.82149224954128
2562,94.47127342561903
2563,111.83439956273865
2564,90.018953055718
2565,110.68611319942858
2567,106.14970237546743
2572,93.75545912839537
2575,95.2363164326758
2576,111.24650092768582
2577,89.18938309550059
2578,94.49952381825905
2579,111.26980743684166
2580,89.78857794881762
2582,110.24606309666001
2583,92.12616224777834
2587,95.91589921033732
2589,110.15031358396176
2590,95.14741759948096
2591,113.88739370436804
2594,91.4097781617487
2597,98.71550911625589
2598,106.29043193071925
2599,97.16479866544776
2600,103.18365079262175
2602,105.09690248936687
2603,93.75545912839537
2604,106.11341730841164
2606,111.36060195592121
2607,76.89883592279742
2608,91.0056168714795
2613,114.05427438859364
2614,92.70448293331278
2615,110.84057932957195
2617,110.46763988725627
2620,90.65807957735446
2623,111.93522570086832
2624,94.97583210402532
2627,114.05427438859364
2629,76.89883592279742
2630,90.72118559749035
2632,95.72970256037712
2636,93.04327863287526
2639,98.73402937748942
2640,105.71998753307435
2642,113.88739370436804
2644,106.27810100825135
2646,111.54704026105165
2647,92.62178295993624
2649,94.5301640765615
2650,104.33441494520972
2652,106.47070158778675
2653,104.84261870042891
2655,105.5860383775538
2657,110.68374708236692
2659,109.12287845101271
2662,90.83498430677561
2663,108.72483500067958
2664,97.56414926056902
2665,105.17208494071158
2670,97.10185794125502
2671,106.85832552795375
2672,97.09495927507639
2675,106.47070158778675
2677,110.12504558137742
2679,109.51628504518895
2683,111.50731593433434
2684,93.78602832506404
2685,96.73705132374073
2688,104.48882527564608
2689,98.56565555547328
2690,104.74827601939431
2693,96.12440751338328
2694,113.2599855340923
2697,101.54271680878651
2699,96.83389125770657
2703,91.78406201918325
2705,104.44704480089882
2709,83.99064091897321
2710,93.31736479862566
2711,112.16575489914028
2712,98.66125104474806
2713,99.32531440915787
2714,111.55938059138607
2715,92.11744592543131
2717,89.94873538662452
2718,105.48389442104656
2720,110.53421109339914
2721,95.7003363378333
2726,97.7969278080093
2728,94.15310500663578
2731,104.31784578440727
2732,109.58429947837169
2734,93.02283305877936
2736,106.54463325070246
2737,95.6225069308133
2738,104.7490242642979
2739,109.88509015594889
2746,94.44446140584732
2749,105.90213783319699
2751,115.08872303928027
2752,103.75016701303524
2753,95.43544943135261
2757,105.53366470921793
2758,96.08989476249374
2759,108.18502086515144
2760,97.48017586532654
2762,110.0992239791404
2764,95.9967429190966
2765,103.70319379603112
2769,111.31603050849348
2771,113.1618655852568
2774,94.49316023436525
2776,91.04564242624139
2777,103.63967828460858
2778,90.45117431424238
2779,109.16911044173996
2782,90.77943362132712
2784,92.3103889847929
2787,90.93971170272908
2789,99.5824901330974
2792,98.03497055562165
2798,98.01869948003043
2799,105.54600888749029
2800,95.28869269398857
2801,85.88135290666351
2802,92.7235953846509
2804,95.3624989137604
2807,104.62030683844198
2808,98.17130278022994
2809,105.65913788085042
2811,116.43270711220715
2812,95.6557229364368
2814,90.11758982117517
2816,95.54157115409204
2817,111.27626618210068
2818,105.98650226311823
2820,110.97167851685853
2821,86.64084192810964
2822,97.60802813982968
2823,105.54763481192396
2824,95.44623311683631
2826,93.0341001367212
2829,90.44956498407514
2834,94.05079755205405
2835,82.64896257032042
2838,98.18386476872962
2839,111.78966080954064
2840,91.02227152045654
2841,111.16938677514442
2842,97.04319666386738
2846,116.09328181503048
2848,96.64598619479656
2849,90.54896245243687
2850,111.55938059138607
2851,94.24365795186777
2853,92.78497659470581
2854,113.88739370436804
2858,113.74946634212252
2861,96.6839010002956
2864,90.69842916502883
2865,108.72483500067958
2866,109.65620214615055
2867,89.57358334702772
2868,110.76059210542826
2870,111.20191773201852
2877,95.96510360663608
2878,114.05427438859364
2880,111.64595769766663
2882,78.61827122237355
2883,97.275314775218
2884,104.49631323807806
2885,93.9041579147792
2887,97.29045151465382
2888,111.32804623172377
2889,95.70106060464136
2890,106.29441964884401
2891,97.52473451486688
2892,116.10893135230586
2893,93.58874748509625
2898,112.33448716879244
2899,96.12693116522921
2900,111.16976944984492
2901,92.87457309552845
2909,95.72144709346861
2910,112.14941851448721
2911,111.52352468074453
2913,109.0033731588514
2914,101.10885492408
2918,91.40215263657814
2919,110.53664914654881
2920,93.59808361786867
2921,114.05427438859364
2922,98.01323857882672
2923,103.39093782585228
2925,104.5274930725786
2926,89.7799669332128
2927,113.64013885358159
2929,109.76375703195832
2933,90.66653189886975
2934,112.12469327961357
2936,103.75308679058949
2941,105.11918149456682
2942,93.74953835875785
2943,106.36235775665644
2945,105.39428053098311
2950,89.82453269527946
2951,110.94842617600999
2953,104.55581485478966
2954,94.24412854170635
2955,105.84958546480797
2956,97.03940650299826
2960,98.58673425500137
2962,92.85362618421782
2963,108.4865079226491
2964,106.50406784413461
2966,77.38663748596211
2967,94.82132426491563
2968,110.32130790436703
2969,90.31698324804229
2971,91.82453950737302
2972,95.5769088533354
2974,95.38211871514488
2975,111.19664058352564
2977,115.30509088017425
2980,111.5265029531023
2981,91.34661620619545
2983,97.29088739658388
2984,105.99729372677906
2985,116.86109510122326
2986,105.66290784159173
2987,95.5769088533354
2989,95.65564138242823
2990,110.62318824806201
2991,95.7149290488408
2992,82.66825548452874
2995,101.55976442454171
2996,104.79159070361173
3002,111.00163272250799
3004,111.17507762194498
3005,117.026687216749
3006,96.69383067708378
3010,97.30610063677861
3011,106.47056291911365
3014,89.79701454896801
3015,91.66058739091521
3016,94.2745260913022
3017,103.1138898708656
3018,91.53678500586861
3021,104.72393174107071
3024,106.30747954647447
3028,94.18302301439005
3030,90.4682219299976
3032,94.75407827796637
3039,96.24505089333158
3040,104.74438430683479
3041,95.47477598301691
3043,92.59292024528274
3044,109.91216708533707
3046,110.22764717605985
3055,90.67376872011398
3056,111.57048298971444
3058,90.99903737594445
3059,102.91145894020862
3061,115.9266587429223
3063,105.76811143541143
3066,96.2398100377047
3067,106.30747954647447
3068,76.46167257971973
3069,95.71738395358852
3072,116.54899264966306
3073,111.38926167000697
3074,96.10933548782579
3077,89.8458229127157
3082,95.01018780575465
3084,101.55976442454171
3085,108.35995104483968
3088,106.29514862400656
3091,92.00484006304623
3092,111.92945529592328
3093,96.02635558276197
3094,104.33489340016249
3096,112.87900551753434
3097,90.02366974900531
3098,78.39043010440395
3102,116.69700957874882
3106,93.28251422267533
3109,91.4962771500489
3111,90.37952296566658
3112,117.026687216749
3113,95.47012910280208
3115,91.02266448723472
3116,111.14427622336319
3117,93.03628648279728
3121,111.87490473125703
3122,93.11707192202473
3123,95.48204734680061
3124,104.94513312214013
3125,94.2745260913022
3126,103.94159293170452
3127,116.29031453773948
3129,90.91097207707861
3130,111.74032968539416
3132,106.7956801659071
3134,108.86558965402396
3135,96.75059882906409
3137,83.75005566937789
3138,95.5035754453418
3140,98.16305001869132
3144,111.37654218705602
3145,98.85805849560579
3146,110.85762694532715
3147,94.2717849962369
3148,106.58707349811466
3149,104.4728827472791
3150,112.58824339344011
3151,92.86494249851258
3152,96.76514650673272
3155,93.03664894116095
3156,111.57642820714129
3159,90.55272656925749
3161,97.1473781225199
3162,105.18299801618615
3163,96.80143194977069
3165,104.82030827767876
3172,90.69144583370232
3173,111.96137676989133
3176,98.98409350892486
3177,104.09326903366971
3179,111.19664058352564
3183,91.41806972135353
3186,95.4229099114119
3187,106.44868919794473
3189,111.14537272251917
3190,93.41053594904905
3192,116.29031453773948
3193,90.69144583370232
3194,112.6182307261277
3197,94.35994348932368
3198,95.5860354346198
3200,93.9182646387682
3201,116.78242346926585
3202,95.5860354346198
3204,97.12174783207294
3205,91.47744966260208
3206,111.48301042307354
3208,103.65899892052238
3210,104.44825754635268
3211,98.4036878846096
3212,115.9266587429223
3213,95.77310793540907
3214,112.3586793122265
3216,106.31146726459922
3219,91.07645301097438
3220,105.4497232172329
3221,95.47012910280208
3226,107.92564300515883
3227,97.03696178559161
3228,106.54843714837226
3229,95.81898803576877
3232,82.6317208228226
3233,96.05969797027562
3234,94.58815047489766
3236,96.5575367756889
3238,113.92075996071591
3239,109.35626478245203
3240,90.13342950160765
3247,110.89514689065683
3249,104.65845825252782
3252,111.05685605391477
3253,97.21922090886497
3254,107.53103831265328
3255,94.62589586771792
3256,111.31881494786634
3257,92.44671766838242
3262,97.22603946298143
3263,106.48774920354195
3264,97.03940650299826
3266,112.20288772880124
3267,100.83396599557365
3269,94.04686656595108
3272,116.86109510122326
3274,94.35994348932368
3275,110.83961545858679
3277,94.28931345356403
3279,98.11178140150089
3280,106.22327572995016
3283,100.15143595194618
3285,97.30749913040904
3287,98.15774876492145
3288,106.30747954647447
3290,106.49353093551358
3291,95.82623555825592
3298,109.63786856863291
3299,94.40083335947136
3302,107.25198891375612
3303,97.15774558156922
3304,106.05880590236252
3307,94.12388557900134
3309,90.56812434183595
3314,76.57807352375046
3316,114.11056060731525
3317,96.14195608949308
3319,94.04971672973339
3320,111.08444311151308
3321,97.27148947342972
3322,108.752780184865
3324,89.46630863589823
3326,89.03437461231337
3329,109.79186980649189
3330,90.03600067147322
3331,110.45915524200464
3335,116.12597896806108
3337,96.46353727267898
3338,106.70774246395452
3339,99.89411339464817
3340,109.92243589664402
3341,92.32553767608735
3343,90.95852814344207
3346,89.86515297310598
3348,97.47354949792688
3351,106.28978130521836
3352,116.95979780399787
3355,89.774860573144
3356,112.51984882606381
3358,108.2593914557768
3359,97.50890409908864
3360,110.79043226065289
3371,108.41395315093474
3372,94.92181005012526
3374,99.64951723616122
3377,111.34912870477746
3378,89.40085591432202
3380,103.7848403944469
3382,96.79711981975484
3386,95.61352210522138
3389,110.17015031291734
3391,104.22753595840335
3393,96.20592423803737
3394,105.51654827627644
3395,95.22739994703562
3397,114.05362376309273
3398,97.91908403151734
3399,88.16936900123736
3400,96.845484585512
3404,103.66590438101241
3407,111.33792800422717
3409,104.21493057470215
3419,94.09371071582684
3421,94.68000778270165
3425,95.46814252458196
3427,84.42553307380314
3428,116.84339685996714
3429,109.49287026209718
3431,91.08628056377047
3435,94.69299268742039
3436,111.16262370167686
3439,95.92220656976565
3441,91.2625701946241
3442,116.84339685996714
3443,97.20834122172532
3444,106.46231719841388
3445,94.00206335368091
3446,102.36540600417703
3449,90.45052368874147
3453,94.89764499273276
3457,95.32763630067892
3460,106.306099945811
3461,99.3583347093244
3462,93.36224173280947
3464,105.75041319415531
3465,76.44397433846362
3466,97.09427127029144
3467,104.05703841396812
3468,98.01988016912523
3469,106.94510658856055
3470,104.98268148774932
3472,113.88674307886713
3473,90.28098395470542
3475,90.88141264418331
3476,111.3326144154602
3478,105.67542820642129
3479,96.03964220135138
3483,95.24398168356609
3484,104.1067761556539
3485,96.18068873581366
3487,91.31671431124408
3488,111.65567566483777
3496,111.32727460661698
3497,96.68839942156664
3499,98.29652638201584
3500,76.38766702335131
3501,95.2356658071749
3504,96.08317853752843
3508,106.74939069503813
3511,92.24405328060799
3512,112.82566430909486
3515,91.5117115887582
3517,93.63840755886373
3518,103.97335477014816
3526,112.34243063943094
3528,104.91491439428941
3529,93.90141877428977
3530,109.5600442077969
3531,95.50152386926791
3532,102.8378560639733
3533,93.726432948505
3534,95.49761577340365
3535,77.23956433188975
3536,93.20134434967805
3537,111.10238119244458
3538,95.54201707977363
3539,105.63981232132933
3540,103.87924598752468
3545,109.40895165494106
3546,90.3848263343097
3550,104.46319673988549
3551,95.0914205025441
3553,95.58928395172278
3554,106.306099945811
3557,95.63063282051871
3558,109.91772467785259
3559,90.45052368874147
3561,95.15637007720298
3562,114.05362376309273
3563,95.10029023575024
3564,106.28978130521836
3565,94.00206335368091
3567,90.47102963054431
3571,106.28978130521836
3572,97.6987494901937
3574,97.85292913604958
3576,94.14610821811105
3577,109.37478401074806
3578,95.25970358224806
3579,94.34542844324982
3583,95.86671135714954
3585,97.26451347917019
3586,103.78677402342122
3587,109.64585458030824
3593,91.50240550005259
3594,103.00711907147388
3595,96.22735265207547
3599,97.62018207172306
3600,107.68063814132012
3601,113.88674307886713
3602,90.45052368874147
3604,96.86991644959997
3609,116.89634343037372
3610,113.37256118527876
3612,110.0347808420016
3614,113.35726779221575
3615,95.11463594334029
3617,97.84682830945833
3618,110.17532115886559
3619,111.5116056515638
3620,111.3948917322983
3621,94.06013176873665
3625,98.83975595849141
3626,106.12793902347988
3630,106.28445994277973
3631,95.87239560057253
3632,106.45216112961641
3633,96.08081242046678
3634,110.75438737654753
3637,93.32294651587208
3639,94.533680862985
3640,111.79786836270486
3641,91.90804499836553
3644,112.76473755978861
3645,95.53059766188599
3646,93.80790771589524
3647,91.6938859539321
3648,114.06994240368539
3653,111.60661687744474
3654,91.18287074245968
3655,110.82615192218125
3659,103.44615502249675
3660,98.1016636343857
3662,110.45071911948409
3666,93.25961042688641
3668,98.63097121889069
3671,90.19600792449457
3673,91.10506527242497
3674,110.26419897944912
3675,92.90112787581323
3681,92.21902038261779
3682,111.43657919577278
3686,112.34098107097037
3687,90.57219297746067
3692,87.03745517056745
3695,110.18775876924018
3696,95.96690872252704
3699,114.57381146867745
3705,117.50635879391265
3707,82.61402258156647
3708,95.44792156766114
3709,110.73925299040863
3710,95.76514135459995
3712,97.67861916062587
3715,111.39805222137929
3716,92.42800474983119
3720,110.90269640617957
3722,82.61402258156647
3726,96.27273011871044
3728,91.7329925439801
3729,111.92309830604101
3731,104.79748520038213
3735,111.55112864439363
3736,96.21455313398604
3739,104.94416437687522
3741,109.52781676742207
3743,105.0331804479501
3744,95.32487725642787
3745,110.91283842058212
3746,96.8760960050058
3751,92.8092416401646
3753,96.15323063000929
3760,111.61824646851828
3761,93.85226406220771
3762,109.51424849969055
3763,92.44215765504896
3765,94.72233584162794
3768,111.84053534988819
3769,94.05943897732217
3770,105.76962886774045
3773,111.73013461729134
3774,97.17242326344547
3776,96.27666305338981
3778,93.00445619655586
3779,112.65343326785062
3780,94.36340045571694
3781,110.25656492533638
3782,94.47715723515515
3783,113.67380228575328
3784,94.11317721735324
3786,96.24554062393268
3789,110.64944540761836
3790,96.34464480342608
3793,110.40013467979027
3795,111.61811757738798
3797,98.67652962973476
3798,116.81620736518938
3800,111.1354342068991
3804,97.11091971099512
3810,96.1720101205797
3815,111.24094936807056
3816,97.11091971099512
3818,105.56631369911325
3824,113.85955358408937
3828,106.40401105715733
3830,111.74769751522965
3831,100.6315796896158
3832,76.87099580251873
3834,111.11525952275579
3835,92.71923417401847
3836,108.60995061011833
3838,97.26261139437516
3839,115.88177100688843
3840,109.32570336453334
3845,93.82569951354773
3846,109.09503833073404
3847,93.61121806408597
3849,76.76112745209639
3853,110.56960734127627
3855,106.72220120026037
3856,95.96475398710754
3864,85.55440883560163
3865,96.65623606896752
3866,109.21147941107822
3867,91.13831177360368
3868,111.1354342068991
3869,97.18455253327552
3871,91.29639839854758
3875,105.00030714112731
3876,94.15515800197956
3878,95.19955361868725
3879,109.60093162244502
3881,111.1354342068991
3883,110.94671891406843
3884,91.58863932007459
3886,109.91393889089917
3890,97.03248702991998
3893,110.99856226571936
3897,106.78442283634429
3901,96.12225709168104
3902,112.32936019720688
3913,110.91860530303587
3914,92.97405299526235
3916,91.04553635079489
3917,112.72324486104425
3924,106.38161674735892
3925,98.20471983104942
3928,95.92176725988722
3929,111.70076685502707
3932,96.29523476192949
3933,106.29342377720316
3934,80.4597010391775
3935,90.69743329338799
3936,94.50623557160604
3937,109.12188257937187
3938,91.15326438465213
3939,108.63679485875615
3943,91.48108314465698
3944,113.8863978327272
3945,111.4114032290897
3946,95.54589231621284
3947,110.88362416596246
3948,93.11537678197475
3949,113.90271647331986
3950,95.27137818175507
3951,110.0651782519579
3952,93.36189648666954
3953,110.19842442824611
3961,109.07117628326326
3962,92.53050545613713
3966,95.43813309187502
3967,103.95549596524567
3968,96.23419708223318
3969,109.95786564672883
3970,98.41258207990664
3971,105.544999760045
3973,94.429670341701
3974,113.71696517498376
3975,110.3873570894913
3977,89.74421367296651
3979,111.41114659061132
3985,97.16100832766698
3986,105.87774435771594
3988,108.6531134993488
3991,95.62151105917246
3992,105.8006719380559
3993,99.33817051565612
3994,90.97259310206516
3995,113.27260167397444
4005,111.70836265991728
4007,94.2784825565945
4008,103.89116654344473
4009,97.00737081320779
4010,113.38911492670871
4011,82.55041753563717
4012,93.60001286524783
4013,106.48568676892174
4015,110.670975860775
4016,113.07235110920487
4018,111.1785970961296
4025,94.32048427326994
4026,111.55838471974523
4028,114.48788291112932
4029,97.03768165619486
4031,91.86879986347948
4032,112.13333575396378
4033,94.00763382914485
4034,103.83421131058138
4037,97.79430041145282
4038,104.3419236992784
4039,92.77838382237215
4041,96.77491680412831
4042,109.80409749691943
4043,97.45859520752393
4044,106.29342377720316
4045,95.25090815274423
4046,114.0968188314795
4047,95.0067898668576
4048,106.4630968520911
4049,95.14544358491204
4051,93.81030858299934
4052,113.822342306759
4058,106.30575469967107
4062,113.52616998635102
4064,114.30973005889268
4067,94.36140183770254
4068,76.79137324519633
4070,95.5387067039215
4072,116.9944452932851
4074,110.82846298126411
4075,97.72446340118911
4076,114.26457107908425
4077,93.16288153501986
4078,111.43722636505628
4080,106.29342377720316
4082,111.26366376090573
4085,93.75446325675453
4086,110.78200671476412
4088,111.55838471974523
4089,97.25375260160726
4092,76.45596001479159
4094,90.85558015086129
4095,112.56910922443339
4096,95.73989258759087
4097,105.79293830107041
4102,92.8004107125907
4105,102.85219332205371
4107,110.28870090506445
4111,95.63394837641499
4112,103.40726428996274
4113,97.2251137747819
4114,104.02594677878012
4115,90.71931833365437
4116,111.31321056129039
4117,94.82536702590383
4118,97.227715422506
4119,111.82401236460889
4120,95.5704080857289
4122,83.77523799312098
4125,92.55436938552353
4126,110.04697480399635
4129,111.4592105276897
4134,113.03122168317324
4137,93.10484174592614
4141,105.03424002328642
4142,96.90882761913309
4144,97.28945564301299
4145,106.38161674735892
4146,99.53625828705732
4150,94.79136871978565
4151,85.5220210500649
4154,94.36140183770254
4156,94.72810832843419
4157,111.62346052313461
4159,113.07235110920487
4160,92.81690768718889
4161,112.68027751648845
4168,96.88979019121649
4171,105.75851701348563
4172,107.33287619554284
4173,97.21558615267595
4175,94.65844854054338
4176,106.29342377720316
4177,97.28945564301299
4178,106.46325504809431
4179,96.02001780026096
4181,110.6740307787393
4183,97.03768165619486
4184,112.44110165776965
4185,91.93504297129978
4186,111.67293508547235
4188,110.27781906245065
4190,111.66989618173186
4192,89.49354922842211
4193,111.03773743682508
4194,113.63914298194075
4195,98.06840898917416
4196,76.89784005115656
4202,97.02136301560222
4203,103.58034355704167
4208,96.63556591487932
4209,112.43346342560339
4210,91.4611593536943
4211,110.18081791851216
4212,116.84305161382721
4214,105.67508296028136
4215,94.25374150884085
4216,112.19745263518216
4217,92.06868475863847
4219,98.2028080488047
4222,109.12188257937187
4224,82.13822937716691
4231,105.45018206897913
4232,97.03768165619486
4234,91.6708477133423
4236,97.28945564301299
4237,106.28943605907841
4240,97.78366215872308
4242,105.83203652796398
4243,97.0319063274793
4247,92.65843940708635
4248,112.48690733895741
4249,92.35650891043065
4254,106.32508339434683
4263,94.74314664331307
4265,112.07454408284298
4267,105.22436628966224
4268,110.67659985288967
4271,111.49072239335116
4272,95.5516733066311
4273,110.02752269133859
4274,92.10502933141873
4276,96.18029015114354
4278,94.2401639633135
4280,97.35198551517632
4281,112.68378721892455
4283,96.33763356253225
4284,111.32886946971527
4285,96.69323354393983
4286,112.49620850633235
4287,92.75775609255713
4288,115.74860604198155
4289,91.9919347847833
4290,86.51356594530021
4293,89.71257316672197
4296,102.34461589389204
4297,92.4762239308825
4299,90.39270793274108
4303,114.31660102192386
4310,95.56118243683561
4312,104.51805078293177
4318,106.25873195544474
4320,109.9386402322547
4322,93.3073175390086
4323,112.6995016491251
4325,105.60734190443384
4326,110.89590832653332
4328,106.11087984589075
4330,105.92079404387133
4332,111.94773290601778
4333,96.66802287892986
4335,97.14767274361878
4336,104.19795104848284
4338,107.16031129034573
4341,96.90632991429351
4342,105.7837926851498
4344,106.2750505960374
4347,100.27807101171922
4348,106.24640103297685
4351,103.69388848223376
4352,93.99407556987599
4353,110.05670184340676
4355,105.82988861797764
4356,93.72375915312087
4359,106.61987900737537
4360,97.24213980555417
4361,97.58113833227917
4364,98.04594762081163
4365,105.30074253612429
4368,96.84177136494887
4372,95.59231002729165
4374,89.13360003058798
4376,96.76817192632544
4377,105.5446417876743
4380,95.84678775812216
4383,110.05122208803093
4384,94.20945985967984
4385,105.66289650987326
4389,90.78273275239941
4391,94.58306928671665
4392,110.15733388668978
4393,91.58034683454336
4395,88.77929472746314
4396,114.02257441331913
4398,111.77807923225005
4399,94.93622743576636
4401,90.79902783462286
4406,94.99977266031621
4408,105.9036304414175
4412,106.24640103297685
4415,98.48536665848493
4418,110.7721089414883
4419,89.13360003058798
4420,76.14581229504843
4422,113.85569372909353
4423,89.13360003058798
4425,96.25863412964208
4428,111.02159493934163
4431,110.29309476342772
4434,90.46546218054863
4436,95.1470841597155
4437,111.09662214545756
4439,115.87791115189259
4440,91.38912907032203
4441,111.19006031981911
4444,96.56714877341669
4445,105.64437885664769
4446,96.33198292834916
4447,111.9655754620485
4452,103.4027177304944
4456,112.0767743098525
4457,93.97101400390731
4458,111.30684317660678
4460,93.72375915312087
4461,115.9943120959233
4462,92.06392003699315
4465,105.33411281542438
4466,106.84888697346821
4468,98.26704280009304
4469,104.92455143876836
4472,112.01868186896345
4475,96.23732032402923
4478,90.96589310163026
4479,108.61295149357183
4480,94.96568989155683
4483,83.20630980599961
4484,95.51286922411346
4485,105.36131781415382
4486,98.38187797627297
4488,92.91034982720979
4489,105.32271676046395
4490,96.70966705759653
4491,97.85158415178088
4492,97.46561472861733
4493,106.94732282457093
4494,94.86126356278557
4495,105.46715790365529
4498,83.70130807834818
4499,96.34215439134017
4500,105.26216475939694
4503,111.13780543781152
4505,105.13479259028561
4506,98.17293650045285
4507,96.38397061689484
4508,106.25873195544474
4510,111.42956762107235
4511,89.88089264503135
4513,98.47964320881478
4516,77.17721333991528
4519,93.39673114128584
4521,96.70162252073007
4531,90.99730461438355
4532,78.81765368913852
4533,97.55515633678576
4534,110.52953177156964
4536,106.25873195544474
4537,93.97101400390731
4539,99.9007461981235
4542,104.27453626759315
4545,91.9681336770777
4549,89.67767720906329
4551,94.73416788157941
4554,105.78617308760127
4556,112.8629422225913
4559,113.27295219477703
4561,111.64774334623546
4562,110.66944901890272
4566,116.0021175195408
4569,95.7774879672262
4570,114.02257441331913
4573,95.40506287117971
4574,104.77305080367775
4575,97.27417617919669
4577,96.64031437200838
4578,109.0911784757382
4580,111.89904821128977
4582,90.35715331837412
4583,113.85569372909353
4585,95.77066038710028
4587,106.25873195544474
4595,92.07283561033769
4596,110.49684150372356
4601,92.8924476151248
4602,111.52828581451097
4603,95.3450551765052
4605,111.90302909862183
4606,92.089877208948
4607,112.46947782730811
4608,93.71518573087259
4610,95.99114545969162
4613,104.23511420746931
4617,90.633617015704
4618,109.45483427055538
4619,89.5243486772388
4620,96.12868895920784
4622,93.21334493477819
4625,93.72375915312087
4626,106.25873195544474
4627,95.04113514337904
4629,89.76928694525229
4631,90.5820056581497
4633,106.25873195544474
4634,110.42321964569976
4635,94.5691510331705
4639,94.25600069398914
4640,107.36518028942746
4642,104.28004120276775
4644,109.26052268711291
4646,106.25873195544474
4647,97.88467849550965
4648,80.64247759194814
4649,95.71598441477585
4650,111.87726157728481
4655,89.67767720906329
4660,94.52819499580936
4661,117.405464924411
4662,89.78043045992938
4663,111.54607927368673
4665,93.91159841917107
4666,112.46632802258317
4667,104.24149095132204
4668,97.32996461901074
4670,91.68152806823286
4671,104.63080577499943
4672,95.28062818550147
4673,103.6284017843348
4675,104.1814294983007
4676,95.44777371772561
4677,103.37373941217098
4680,98.17077465030037
4682,95.8946260609037
4683,114.15616486899818
4685,106.24640103297685
4686,95.93158584515007
4688,113.70287286918445
4690,111.3670832815002
4692,113.05825880340556
4693,92.64041593179827
4697,89.71060764749029
4700,110.16592456920657
4702,110.68369469967544
4707,116.11016181545835
4708,93.75668959154788
4710,84.70022201548971
4716,93.78177363331639
4717,97.03504407799275
4718,94.89773335065254
4720,97.10695699918323
4721,84.8641296499629
4723,94.12578451174659
4726,110.82190198448622
4727,89.76143351190775
4729,96.07145549274712
4731,93.54692137166856
4732,114.85837188499005
4735,98.36257609135689
4736,106.02109866572385
4737,95.3779856149322
4738,106.59379545484018
4739,109.3997786431881
4744,105.69923979582862
4747,94.99667092804741
4749,114.38071385501783
4750,93.75668959154788
4752,113.88862416752053
4755,96.35282436105726
4756,105.02713046534961
4757,112.14762614067577
4758,96.13982275947261
4759,105.92639609446479
4763,97.03165650464571
4764,104.85699324864144
4765,95.25422566648297
4766,92.75508123711639
4767,112.22833565626362
4769,111.1154508774388
4770,94.68965610430092
4771,86.50569912689633
4772,106.29166239387176
4774,113.64136931673409
4776,109.2563482437221
4777,111.62191149954658
4778,95.3479594288171
4780,94.06538073889132
4784,93.30084993419464
4786,96.74711259892929
4787,76.5942793548509
4788,95.70621368120067
4789,113.88862416752053
4791,107.5594243182457
4792,96.17658952195504
4795,109.54560665585767
4796,90.5167778794953
4803,89.43147428461651
4805,95.92130192129615
4807,95.26655033908874
4809,90.69638564226089
4816,95.99299442898457
4817,84.4008225881533
4818,90.2891857308808
4820,92.67086202953678
4821,107.35414274985831
4823,110.87077048010254
4824,92.72512760427321
4825,109.70845845908211
4829,104.59336158170643
4830,97.02358935039555
4831,110.83837950176213
4833,105.69175395779257
4836,92.64434710128704
4837,113.70287286918445
4838,90.75657650177445
4840,95.08574007740675
4841,77.72618683537044
4842,89.31062413369696
4843,112.87570088461473
4844,90.44807999865458
4849,105.24019093905008
4851,107.41336689845275
4852,95.70189354349485
4858,92.34604308975558
4860,97.02358935039555
4863,111.7008534161485
4864,95.11460828728733
4865,109.3970108070054
4867,111.39109216779148
4868,91.75204570777025
4869,109.78351786088943
4873,89.2706004905778
4875,96.05717743441566
4876,112.66386813979287
4877,92.01453558217978
4878,109.60184858211684
4880,76.71068029888161
4886,112.36124457912294
4888,104.66087180342178
4889,97.52428635835733
4890,111.09043104307679
4893,97.31403442981966
4895,95.19798138980327
4896,105.2730058216974
4899,91.82704148330482
4901,97.5653041481439
4902,110.9033094648091
4903,93.26073943750686
4904,113.88862416752053
4910,90.96024149435723
4912,89.8030269269272
4915,97.55388130142566
4916,103.84562521689111
4917,94.41582770609324
4920,106.29166239387176
4927,104.12722034285866
4928,94.68049117063167
4931,104.08867009141295
4934,92.14721883714192
4936,95.41493458990728
4939,114.49673185319828
4942,111.93330275768251
4943,97.13999029442628
4944,104.7244176613162
4945,96.21111332706754
4947,109.43074970342859
4948,90.8214242031917
4951,95.43799330960671
4952,113.88862416752053
4953,93.00378302258324
4956,93.26073943750686
4957,113.01109148263
4958,95.44871425811999
4960,96.30797835649209
4968,95.37915462681399
4969,107.41409533720586
4971,106.6598451299096
4973,113.8082500009597
4975,112.51936379765557
4976,96.2599308690925
4978,90.86433021388562
4979,110.72292740837042
4982,93.02199085961968
4983,109.96432974465253
4984,92.85843261922703
4985,116.02724253435032
4986,90.37991966820574
4987,109.0734026180566
4988,96.6000792118437
4994,95.97832177442108
4995,97.38724514521273
5002,85.19337662122227
5004,95.54744851657995
5005,104.42714829842042
5006,97.29168197780633
5007,106.59038944161273
5009,110.07459453102578
5011,113.8082500009597
5014,94.45924759929743
5015,103.54721978304262
5018,94.57889590396512
5019,109.55418259296657
5020,92.35615702843275
5021,109.0977329890373
5022,95.36606931582128
5023,90.45568236416365
5025,97.22290957553433
5032,92.24823041642182
5034,91.88389772840588
5036,91.27631113850728
5038,95.52090415721891
5039,112.94162927088273
5046,96.17024056377736
5049,109.55418259296657
5051,97.441956305113
5052,89.774134035319
5053,113.64136931673409
5054,97.20149384687663
5055,96.77361816840873
5057,94.00394444233433
5059,91.50944498875295
5062,101.11813795749276
5063,111.5966125399158
5065,115.40001972531789
5069,93.26440807322014
5071,98.42482226627162
5074,110.51161405942715
5075,89.7811973963653
5076,115.72653456137031
5077,76.79359957998966
5079,103.09817040135775
5080,95.06277422278751
5081,113.86975355341005
5083,103.77255662784806
5088,108.574942747896
5089,96.65157488853238
5093,110.18268975731125
5094,106.26226614541798
5095,96.65719559013891
5099,100.88433704810902
5101,109.58623211651131
5103,106.07995744524807
5104,94.55103287280845
5105,111.26134619812387
5107,89.50422406130522
5108,111.14086147104786
5109,98.44613909999879
5111,92.42651419151402
5112,109.52891631130163
5113,99.33457373668905
5114,109.40442674876482
5115,92.76252039175967
5118,98.71906185992098
5122,97.14488021665406
5123,76.36562716399472
5125,96.0913058982011
5127,106.9489929291808
5128,97.61432487203047
5129,116.26446184138229
5132,97.23506834758376
5134,110.77466131221374
5135,95.11433235934255
5137,110.9433648926328
5142,95.21683503816152
5143,103.7604044180509
5144,90.9536417435617
5148,91.3121000580148
5149,95.18245199522941
5150,106.3272294519297
5154,76.38924179689445
5155,95.51881544785763
5159,94.3863788999916
5164,95.87744348793495
5165,110.04552264557934
5166,91.14639512261218
5167,112.85692485663598
5169,91.43524703403841
5171,89.78302896123566
5172,110.93372868718811
5176,93.09153513918426
5184,106.93729381600374
5185,92.04394643337689
5186,109.9472938306663
5188,107.38388294933662
5189,112.62357315016295
5190,91.56443206546855
5191,110.04552264557934
5193,111.40482323226047
5196,96.78553977865525
5199,82.46042120588078
5200,105.82285709884592
5203,90.60998022939752
5204,112.30181715041547
5205,90.2141719504713
5207,95.38115782754252
5208,97.64305669407088
5212,96.79753377758347
5214,94.05230511740953
5218,91.13811717623109
5220,93.42553702592333
5222,89.29629352236188
5224,97.09216272213665
5225,106.23504876364919
5227,109.17832301219998
5229,105.17167453334969
5232,89.61007922913605
5233,116.8263936304713
5234,105.82694435970983
5237,113.99889122152358
5239,105.74074459706202
5240,88.90890362105691
5241,109.497568962744
5244,91.81754985413858
5248,112.30635619591273
5251,89.64785386967608
5253,93.50934706773742
5255,97.05402117850416
5256,105.75302187927291
5257,97.32839972931191
5259,97.63195758961291
5260,112.18229185853981
5266,94.26382614021824
5268,93.1791155790617
5275,113.81313992318748
5276,111.71519451263921
5277,95.36550009229278
5279,97.68880760532616
5280,104.9727640943359
5281,94.99476290898538
5283,98.53816972835445
5284,82.55929003999732
5285,97.33063151499016
5286,104.25339558560117
5287,94.9015766068816
5289,92.83498832185091
5290,111.40482323226047
5292,108.74564479956815
5293,94.99382967009703
5294,105.52493301222879
5297,91.61221970793427
5299,107.25480890753428
5302,91.64019991160934
5305,79.11316521992431
5306,97.48429104286673
5308,96.43054256701248
5309,92.81866092373843
5310,113.60062383453027
5312,109.23621812279958
5316,112.49897356382141
5317,98.11857798363897
5319,76.13768549961492
5320,97.16629594531176
5323,98.31489836914312
5329,110.30363551352494
5331,109.1815791570771
5334,110.92944520998539
5336,111.31928190473695
5338,105.54189032019724
5341,96.34165741400508
5345,96.23288104717217
5348,93.39253454650189
5349,110.79279751757787
5355,105.89795887441814
5356,95.36642112485835
5360,105.6906391681068
5362,110.20819094846814
5364,112.63798937836582
5366,106.36918282364987
5367,99.63880788608643
5368,98.34471524107111
5370,96.3428928983191
5371,76.27055303098675
5373,104.92345577365984
5375,113.99889122152358
5376,90.58156451395075
5378,112.65430801895847
5379,96.53353089583109
5383,96.25475934889965
5384,103.3232237363143
5389,110.42208470807094
5391,77.06535218636537
5393,111.45242496937334
5395,112.11509650892027
5397,110.9686369389977
5398,95.11900936570655
5399,112.89292994497511
5401,116.86456797879201
5402,91.58029484217126
5403,110.74379070813335
5404,90.8235666065639
5407,76.84345275572734
5408,92.73053117811115
5413,104.46339941612189
5414,95.45463056677742
5417,96.96425938897261
5418,108.74564479956815
5420,112.26940444097718
5421,90.3560451977664
5424,95.93055857664655
5425,112.30181715041547
5426,92.95140722742035
5429,111.63031680500139
5431,97.93035780464817
5437,104.48994905137647
5440,90.43822548314691
5444,107.68851339555792
5446,103.65690527127936
5447,96.46698968996553
5451,93.80790348310776
5452,103.77457582564577
5455,105.82694435970983
5456,94.62606213508076
5458,91.47797297318785
5459,109.99109341442096
5460,96.18761645414804
5462,95.21677217672223
5463,109.96077628499432
5464,93.28700057165496
5465,111.45115757381326
5466,98.35587771358115
5467,104.03940855725071
5468,96.37349565808732
5469,111.52239608189117
5472,94.51827338304939
5474,90.44253870475892
5475,115.80750067329191
5476,97.34695015558282
5479,105.18799317394233
5480,113.76795501132978
5482,110.83528234904148
5485,89.54722173559895
5486,116.96656881487905
5488,79.64879864259785
5495,105.17167453334969
5496,96.69912301135682
5497,111.27254206504782
5499,112.08461820324322
5503,91.14222815270077
5504,94.9735285848379
5507,97.16119885724672
5509,92.85152590132998
5511,91.20575910495877
5512,109.21756458456152
5516,114.03109370064084
5517,95.99009064865191
5518,105.95962555620558
5521,97.1687541631049
5522,105.60228328871217
5527,98.48816249613648
5528,95.75184068438702
5529,112.65178791115547
5532,91.63550703091725
5533,110.84723702273115
5535,102.52774609419781
5536,96.29220793844769
5540,91.7308727949258
5547,93.32206161494051
5548,109.52119550475237
5550,78.57877189382809
5551,95.48103209576934
5554,109.64365501597761
5555,96.36665426174302
5559,111.01923425517128
5560,88.30335528956748
5561,111.27343672338048
5562,90.83461377116886
5563,112.01367129813887
5565,81.5627958941538
5566,95.87297389204315
5567,103.39961654176047
5568,95.62722518986955
5572,95.64449334894383
5574,96.03608349119416
5576,96.74685212953275
5579,111.48080492439183
5580,85.8076966271465
5581,95.0251602482066
5583,94.4634609000947
5584,110.45724347444462
5586,110.1448443546616
5587,90.98208860226299
5589,104.93904378344371
5591,105.55060120397086
5592,94.59621158911993
5593,111.92657081370528
5594,95.24451281025348
5595,85.68436042338982
5596,113.66214307748649
5597,112.11635402073836
5598,116.3524949742283
5599,96.17038353536958
5602,112.44491060314542
5603,95.24451281025348
5605,95.20619555056344
5607,90.81707669395668
5608,109.17143552112576
5609,92.14761334388433
5610,90.68081487674976
5612,95.4391024628712
5613,112.63945698868756
5614,92.74745104386875
5616,96.07489060871654
5621,96.93935546709083
5623,97.35466670612733
5628,109.04899146695129
5629,94.79048850681147
5631,100.29255460572642
5633,93.94328847254482
5638,106.73574536931494
5639,95.22284640662208
5640,105.42018757346574
5645,94.07266734012532
5646,78.88609381836801
5649,90.85840709098483
5653,110.94471269417812
5655,110.04953463529895
5656,95.73545509502802
5658,96.856545900142
5662,116.97014027244833
5663,90.60312871536968
5667,95.1684812214107
5670,96.17038353536958
5671,105.10337935312211
5672,95.58508272949787
5673,106.0232274286255
5674,96.14178669423893
5675,104.70564843175339
5676,97.00369733532193
5679,113.61695816562879
5683,110.37286033882742
5687,95.25684373272139
5688,76.41745655788698
5690,95.55415637816841
5691,111.0982628178944
5692,91.49903452345619
5693,105.32231143649133
5694,97.1909047540559
5697,110.73957644857614
5698,88.48422348083794
5699,113.67846171807915
5704,93.31984153426085
5707,113.61695816562879
5709,104.71680505606169
5710,95.44849264029538
5714,94.38149281672575
5718,95.90388257356942
5721,95.5069243828327
5723,93.48910784885967
5724,115.35928993361993
5725,93.71595979984991
5726,110.74448887733651
5729,97.11557914332099
5730,105.98366333127875
5731,93.50559283259693
5733,77.64628970170759
5736,95.7661676975309
5741,105.86841270243454
5745,109.52977144186126
5747,98.13882956608536
5748,105.3456241081888
5750,109.72127743558002
5751,97.40834800715037
5752,94.83267486719325
5754,95.72828694655578
5755,92.40209375893542
5757,93.58508312233279
5758,115.22712820721588
5760,107.83432512062804
5762,106.24427685246481
5766,108.3995234380327
5768,97.09926050272833
5769,116.80830355583416
5770,94.82707884857302
5771,109.28956773870138
5772,91.01350914146181
5773,102.92214605649629
5774,95.86276358262339
5776,89.79424822319989
5777,113.67846171807915
5778,90.81815980525157
5780,112.90089947918477
5782,94.72140475164073
5783,77.33727278452646
5784,96.9828595586976
5786,95.50286185984434
5788,96.15259017755841
5789,110.0489024901358
5790,96.41527226909437
5791,105.1875583718743
5793,107.83173969079375
5794,93.01010667324864
5796,115.87011179862164
5797,98.02940533467385
5801,96.16662905077864
5803,95.25684373272139
5804,111.1973152732037
5805,95.50060601532155
5806,76.5215265794498
5808,109.50487686415971
5813,93.30352289366819
5815,94.17407439668693
5816,106.43396364951852
5822,92.41712892485288
5823,113.84534240230474
5825,104.23581358354923
5827,109.14166796070285
5829,104.88789699175675
5830,95.63139732738995
5831,110.80304466716427
5832,93.12748627184946
5833,109.50487686415971
5837,108.80173661616485
5838,96.99054641072169
5839,96.40034343246474
5842,105.42018757346574
5844,109.47595205980656
5845,103.11547374864969
5846,116.57397541597653
5848,77.68309092661083
5850,112.18190684371523
5851,89.33754972470416
5853,97.09926050272833
5854,105.86164149323638
5858,105.42018757346574
5860,108.29164659458154
5864,106.5941439582225
5866,95.37914911558119
5867,113.61695816562879
5868,92.62141901290815
5869,111.67818724548968
5870,93.58163529918365
5871,110.95475005881573
5874,110.06140648410395
5876,111.49792418009906
5877,90.28422525281512
5878,92.7384449965091
5879,109.51345280126861
5880,91.35890508304107
5884,93.61360136270204
5886,112.31770098894009
5890,96.96388796356136
5896,96.4937504850457
5897,105.49989134306234
5898,97.09926050272833
5901,104.91619730431383
5903,113.60063952503614
5906,90.68081487674976
5908,113.78383884985439
5909,90.701144171026
5910,112.63945698868756
5911,93.13794931965502
5912,112.65387321689043
5914,110.06140648410395
5919,113.76752020926173
5924,92.38625533903513
5926,94.87391853086542
5929,105.87765883190018
5930,96.72127392620287
5932,95.88057212959819
5933,112.96849583931754
5934,92.26145145650385
5935,111.50950871794952
5936,91.65403785645205
5937,110.00742699923215
5938,96.96380183808583
5939,102.76269087863018
5942,109.02733892205681
5943,94.15744291477488
5944,107.58615013188339
5946,113.86421301641523
5951,91.42028082839714
5953,105.53180494747993
5954,93.35025494882964
5957,106.0464454351597
5961,95.97912192616208
5962,106.4724996385209
5964,84.66432953413124
5965,97.17764435278488
5968,110.08672281060772
5969,92.42681586633272
5974,90.69380028078562
5975,111.76089025419016
5978,77.71077337017624
5981,105.98494188270935
5982,100.06156875366968
5983,110.85424119058753
5989,103.31709654249258
5991,94.81222875975855
5992,105.69319579352897
5995,99.0862227014499
5996,106.12275413278714
5997,111.64758592207473
5998,92.21630771833264
5999,84.23683845596989
6001,109.68732674096017
6002,90.0275233022438
6003,110.1623464165431
6004,93.35025494882964
6006,112.79559048742493
6007,91.23823165936606
6011,95.30581463321059
6012,106.58565659955435
6014,93.16326564615878
6015,104.68515143197776
6016,95.68581167013375
6017,110.36606926513998
6018,97.1245768292321
6024,97.02901366182569
6025,105.84285019247152
6026,115.23909640663997
6028,110.79617379658852
6029,76.78361116454589
6030,92.85516314610283
6036,110.08672281060772
6040,95.52592234182532
6041,110.80648851929203
6042,92.87287860447539
6044,94.8400642526089
6045,105.21287469837807
6047,105.61128097462328
6048,95.64714353088613
6049,112.89717442841466
6051,116.25908391994258
6052,110.78596058673622
6053,90.24973449061345
6054,110.51338165503277
6058,106.83229788957921
6059,95.86945380475703
6062,97.20749611034013
6063,116.07333262160648
6064,104.86935764947684
6065,95.52592234182532
6067,93.64118143398143
6068,111.3855810418548
6070,106.42673458310873
6071,98.62750418303227
6072,112.34301731544386
6080,112.34301731544386
6081,96.7947135750291
6084,106.53400319097125
6087,92.24165878710309
6089,107.40458066597894
6092,112.34301731544386
6094,94.80337388459516
6095,113.68745940399026
6097,117.37642547334114
6100,91.04002152925543
6104,106.0445015201764
6105,93.47256146361
6106,110.03345802403946
6107,82.15120827076936
6108,91.5904398848815
6109,112.34301731544386
6110,91.06466125663677
6114,112.34301731544386
6116,96.48783735130291
6117,105.43194721004777
6118,96.86689031055434
6123,76.87146264145531
6125,113.6259558515399
6128,111.12862032798706
6130,106.01904762962103
6132,110.2209224468674
6137,77.1089184684554
6139,112.63015637100413
6140,90.86476677159227
6141,117.39274411393379
6142,105.47986095044888
6144,106.18805975408256
6145,95.85389588064493
6146,93.49291905565381
6149,91.29770161845762
6156,95.23226842578308
6159,115.09066756483575
6160,90.86476677159227
6162,104.58752860935614
6164,111.4852302699621
6165,88.9760336090201
6168,77.3538072021802
6169,109.53019319066348
6170,99.22334426439613
6171,111.31087085103054
6172,90.07275137304345
6173,109.20736508841892
6176,97.14089546982476
6177,89.0486409277522
6178,98.71150834441525
6180,96.3716546853343
6181,105.01396425936429
6182,96.55145202534523
6185,93.94347972303348
6186,111.46541209539352
6188,108.42881992331348
6189,91.74649179837569
6192,106.53400319097125
6193,94.58798752010857
6194,105.21287469837807
6195,96.48426078996198
6196,116.66577896095191
6197,94.07830896665494
6201,111.11323762317534
6202,90.73815910102704
6203,109.02983788921208
6204,93.62586468365237
6207,116.93441455157146
6209,93.37930533125214
6210,90.72042861589763
6211,109.66722659865951
6213,111.21420233780657
6216,90.08508229551136
6217,91.19146373363246
6219,95.46441878937497
6222,76.32494347531554
6223,96.69520833359422
6235,97.2023990222751
6240,94.13101716924416
6242,95.19975750435951
6247,96.1671030207427
6251,112.37771520721725
6254,112.46263845112924
6255,95.05817773238846
6260,104.54904456956577
6261,93.17958428675144
6262,107.14845716744827
6264,112.33847322864457
6269,105.720155703265
6271,106.08522235904843
6275,110.44320028413271
6276,92.82368177044636
6278,97.3343248370077
6279,109.55508776836503
6281,112.98127885802526
6284,91.28682766748462
6286,94.73339792957191
6287,79.55523950365834
6288,95.68615333579163
6292,90.35762127198623
6293,94.06625106906964
6295,97.51078785954346
6298,112.69550818398686
6300,110.2747264260574
6304,105.03028289995694
6308,113.05916397880404
6310,96.5890891049794
6312,112.34301731544386
6320,93.5309091591007
6324,91.74270389799236
6325,111.57468559878001
6330,96.91868843640596
6336,110.9030539982537
6340,105.41814304045184
6341,97.2023990222751
6342,105.59385762341579
6344,93.55031202068372
6345,112.77555947650326
6347,109.54651183125614
6348,93.36045247114193
6349,112.69550818398686
6351,76.5788658896567
6353,111.41164912777214
6354,94.5255220054211
6357,95.45853764686228
6358,106.1533802079999
6360,105.5734013396309
6363,109.07430779345506
6364,89.89840961826417
6368,115.55178511423648
6370,90.49185949124148
6371,93.47717278764213
6377,94.24181431108904
6379,96.2590573530725
6381,91.69899862599827
6382,76.44383586408998
6383,109.55990573342326
6388,111.70449810366624
6390,111.94465664724038
6392,104.92660722042766
6393,96.84816861347754
6395,97.05159302688082
6398,105.0706003881127
6401,76.5602368081207
6402,92.29475656377716
6403,112.86116880190458
6405,93.27500942634485
6406,91.15954186837303
6407,113.71717194675004
6409,105.64099351738308
6411,91.48316971887472
6413,96.11341261675422
6416,107.68271853422826
6417,95.17160588102072
6418,92.75518055176717
6419,116.95965932962423
6420,110.04276725267425
6426,112.90127569301724
6429,90.68311050882679
6430,94.92329163718361
6431,112.86116880190458
6432,93.39269923341928
6434,98.35206358824512
6437,110.08824486396985
6438,97.10119833862511
6439,104.72616286442158
6440,95.22701036658701
6441,94.98552976028593
6442,112.356411217611
6443,94.2152823086999
6445,98.17753979475626
6448,113.8225490785253
6450,111.82558999499177
6453,96.30030837902817
6455,94.62625368959743
6457,90.71952510542067
6458,109.84220132568579
6461,97.0438636843907
6464,111.38757222578282
6467,95.30902900331239
6469,98.59347336532278
6470,82.86823998623932
6471,90.87816067375941
6473,104.8878763876845
6474,94.80330964794653
6479,97.06790145946387
6481,92.87894935853328
6484,110.98226206092406
6495,90.45568454452709
6496,110.46958118939335
6505,110.96316412250482
6506,101.06018243910934
6508,97.15428937199188
6509,94.90432653412456
6510,105.24258724113785
6512,106.24559063566294
6513,93.35855176293174
6514,112.00828869945228
6515,91.36490229667882
6519,96.4019225560641
6521,94.80453309861504
6523,78.617482122499
6525,105.45889780213665
6526,95.8749656071052
6528,96.97187664547505
6529,110.07503291843712
6531,105.29539498663516
6533,106.3818235191252
6534,95.08549058231067
6535,113.90292324508614
6536,89.80282006800735
6537,111.84635481162618
6540,93.5815629579036
6541,109.55990573342326
6547,96.55660559755445
6548,109.34697581124693
6551,111.08208164063609
6553,111.41046318845531
6555,106.54739709313839
6556,97.21579292444224
6561,77.67266900791059
6564,93.06245536797019
6565,113.90292324508614
6568,98.21975117347552
6569,112.356411217611
6573,106.37119625357126
6574,96.86595918790962
6577,112.13567274375649
6579,109.0877016956222
6581,92.3787062160495
6582,112.6618485767658
6585,103.63232532699786
6586,96.04366584950272
6589,107.98364935182815
6590,77.8307760738795
6593,92.16816936706068
6594,108.53074640113262
6595,92.02110887445505
6599,91.00421616475435
6600,92.95295153484962
6601,117.3772705653644
6602,89.9118035204313
6603,113.8225490785253
6604,99.23673816656327
6607,104.84407979413567
6608,110.1411056829275
6609,95.3310282419528
6611,95.69596309940079
6613,112.356411217611
6614,93.18514339146442
6616,92.53825751669716
6617,112.356411217611
6618,93.36364885099678
6619,100.722125851805
6621,106.54739709313839
6627,106.30347724628274
6629,111.95429111287649
6631,77.45468846164015
6634,96.89346659992265
6636,93.29704821048139
6638,98.21975117347552
6639,112.356411217611
6641,113.88405263097565
6642,98.29152838633925
6651,115.74608234230323
6654,80.81252202225986
6657,97.63203507468026
6663,90.57731529284219
6665,110.67649642802247
6666,92.49708369114602
6668,93.3422331223391
6669,106.3694925966573
6670,97.45554381984836
6671,99.34350824650855
6673,96.02006436880319
6675,93.29441637696448
6676,76.59225979182384
6677,95.31957280254893
6679,95.41948813882877
6680,110.24405833414635
6681,105.24258724113785
6685,105.2262686005452
6688,95.11700739544132
6689,91.99707109938188
6690,108.51589546094873
6692,112.356411217611
6693,94.24273001978209
6694,95.43575189473805
6698,117.06420939776933
6699,95.27142910535703
6700,110.92221840806069
6701,90.71952510542067
6702,112.22519099290696
6704,91.99707109938188
6707,111.67237398596976
6712,113.80623043793264
6713,89.09576768917277
6715,98.72421232314701
6721,111.05474120991659
6722,95.47781269154211
6723,110.55701225111373
6724,91.19087680507447
6725,117.04257861073226
6731,110.35062866492866
6735,85.34367831390706
6736,98.47695747236057
6737,108.9604464938117
6738,97.5087004416239
6739,105.25889981452084
6741,104.22512597693341
6743,92.24721594284179
6745,93.3422331223391
6747,109.99408135199468
6749,96.00310323875732
6750,105.92982266394019
6751,115.45158973422289
6752,98.60220793909255
6753,112.356411217611
6755,108.1749364005465
6756,94.23523518786926
6757,104.33498985324087
6759,111.2167398414937
6761,90.42097210102442
6763,90.87816067375941
6764,116.84701378450507
6765,95.35906765010819
6766,111.922003614088
6768,112.80898438959207
6771,91.99707109938188
6773,95.27387355946058
6774,95.02015515825464
6778,106.73926174855185
6779,100.47662078922295
6781,88.51199273081198
6784,99.27227458894092
6786,92.65622548546612
6787,110.18956577300287
6790,90.99808126686519
6793,109.21738341343341
6795,112.29380960380807
6798,110.85940458880428
6806,104.79396803461098
6807,95.85768817390706
6810,93.25892433177886
6815,110.16709556485715
6816,91.96786795614403
6817,105.02644757034102
6818,96.14412603317591
6819,105.5620732629875
6820,95.29330420573042
6822,90.86538178229361
6823,116.20987620830678
6824,109.48098547902768
6825,93.79327916989936
6828,77.6206679317318
6829,110.216173289075
6831,109.82251039811189
6832,95.74471318176913
6833,110.70857578424561
6834,90.81555905995648
6836,95.74245740268458
6837,113.74362882412971
6838,89.99736652208607
6840,105.26467772892006
6843,89.41417453787317
6845,89.64281832044331
6846,94.51718555838669
6847,110.72090670671352
6851,109.91022019106141
6852,95.14924932470885
6853,108.59368601360178
6858,98.08204609227678
6861,111.31127435812955
6863,117.31466895156147
6864,76.83544520911992
6865,97.12649842363153
6866,113.99088367491616
6867,96.40824970211696
6868,106.31663651316836
6869,96.46749298285204
6870,109.48098547902768
6874,110.06302554329433
6875,95.51499771800535
6877,112.82930205689718
6878,90.37689490585689
6880,93.39825253324655
6883,109.73137830417772
6884,92.53147147079252
6886,98.04799073621349
6890,96.8487629733874
6893,111.17377172028924
6894,90.92547090284663
6899,112.82930205689718
6900,90.83878464634863
6904,89.82123635911523
6905,110.26806469660742
6906,89.0370456014124
6910,93.88878632755868
6912,105.06601255622843
6913,116.24305939438783
6920,93.98122678026634
6922,93.26263698134534
6923,112.29380960380807
6926,97.90855459476826
6927,109.19326026571424
6928,87.95853351451215
6931,109.14003977227608
6933,96.25482648949883
6936,88.52570811536887
6937,113.80513237658006
6939,102.74293575788197
6941,92.37160363170973
6942,102.52048485750905
6943,96.67626028944474
6944,104.05764169123216
6945,95.71649691587915
6946,111.58198697977072
6947,116.01181252901534
6949,106.21471029457388
6951,106.3663798539907
6953,102.74137491930537
6954,90.79538752801571
6955,110.27036704245288
6963,109.47732607572668
6964,95.92973287728252
6966,93.5649911985545
6968,93.43123028169992
6970,104.96475654772848
6972,103.78350504566487
6976,107.30798574818074
6978,113.99088367491616
6981,106.93577090792206
6985,105.65977201542047
6986,95.34588356360773
6987,111.55547518206984
6989,109.53995454668014
6991,116.20987620830678
6993,105.58901114028704
6994,95.66644574680464
6995,112.74874889285078
6996,95.22314522742042
6997,110.03751509897194
6998,85.11003267486251
7001,109.26168720999526
7003,103.90451645329516
7006,96.60885983959055
7008,97.19998637522403
7010,89.6304873979754
7011,93.26100751140068
7012,102.9924404312826
7013,89.7196730646322
7014,110.23771294717119
7017,105.8922768991899
7018,93.10172701205508
7019,88.62848810310965
7023,96.03472887380592
7024,106.21072324154905
7025,94.62522998870742
7026,111.58362818100547
7027,91.65022202680512
7028,105.71542026965868
7030,112.29380960380807
7031,92.04458819073626
7033,110.4962111634359
7036,95.7048206876307
7037,98.26661678203153
7039,93.38493857709929
7044,90.14882290096014
7045,113.74362882412971
7046,95.19277679737212
7049,106.43605251813594
7050,100.75913362206504
7051,104.96475654772848
7054,109.05736425663284
7055,93.22757841054053
7057,95.65988354790066
7060,112.82930205689718
7061,97.07536911759631
7063,88.33062405591669
7064,110.38602567131387
7067,93.39825253324655
7071,97.33488160956844
7074,104.63519176616005
7075,96.92891773877494
7078,113.74362882412971
7079,91.93446948557896
7080,112.35225911162041
7081,94.99788809126022
7082,113.57674813990411
7083,92.32504729653664
7085,115.70873843897368
7092,105.53388277358984
7094,96.116690792114
7100,93.94140093770511
7101,110.81048420766956
7102,113.99088367491616
7104,111.0862278044808
7105,97.07536911759631
7106,93.22629376978416
7107,100.45314065181701
7108,77.16451186275783
7109,93.0674920235056
7110,113.80513237658006
7112,95.45221961296996
7113,105.17998562733493
7114,96.57014417427482
7116,113.82400299069056
7117,97.174607039297
7118,105.41966811902364
7120,94.91946176282171
7121,106.03519911099377
7123,106.31672934651613
7124,96.99848203170684
7127,103.11292603743331
7131,105.9233138159995
7132,96.14412603317591
7133,89.74925445906777
7134,108.97957800222926
7135,91.7145984203825
7136,112.15512615474103
7137,93.32515590471256
7141,92.70910149843006
7144,105.57839190358015
7147,109.48926064349229
7148,94.15168347767867
7150,89.41462713195388
7151,94.91946176282171
7152,105.68565334784759
7154,94.86316131023565
7156,94.03378206752419
7157,102.97804342133527
7159,116.02412490997068
7161,98.24611721630718
7163,94.19779624208627
7164,105.61245385560406
7167,76.52299061446618
7169,105.16058330874672
7170,95.6669636057876
7173,93.86230252803493
7174,104.41246504820364
7177,111.11747478723018
7178,105.90247565999982
7179,94.2990069956659
7180,87.82091850587385
7181,109.48956141613658
7182,93.9289637550532
7184,93.29595014912881
7185,110.05383373956458
7186,88.87693011440055
7187,116.2692340950916
7188,92.59604456504971
7189,111.42483739524067
7191,105.03087545875073
7193,109.16392197745346
7197,95.47809348145954
7199,95.90080648030334
7200,113.57674813990411
7201,91.7145984203825
7204,90.69326801788127
7207,110.39850141184965
7209,117.31466895156147
7210,95.55058867860097
7211,107.61373375662097
7213,92.74718904914609
7214,110.03751509897194
7216,110.00932460957426
7217,94.00506884882445
7220,112.76506753344344
7224,112.29380960380807
7225,94.79244608302827
7226,110.00932460957426
7227,95.56963960273922
7234,110.05383373956458
7236,83.42857764054617
7239,105.46781492787763
7240,95.06983141294255
7242,108.80553522819642
7244,109.47538523068897
7245,90.88693850955433
7247,109.59522505546411
7248,91.49904767005488
7249,116.00662999527658
7250,111.8130974926993
7251,92.51262169357221
7252,112.2355133445164
7253,76.87945384687617
7256,94.96480482577654
7260,90.85956769771273
7261,113.8576429727352
7264,96.52326008604103
7269,115.1174963887297
7270,93.16754392266076
7273,112.88962933524608
7279,86.95446704774581
7281,109.54988869448549
7284,89.85291407440357
7285,111.64780992207494
7286,115.89022905124585
7287,92.61911293844518
7289,93.33995878688506
7292,95.46335878632696
7293,113.80395610247861
7296,97.39498077453568
7297,110.30292081969465
7298,88.9193328958416
7299,109.93754441918205
7301,106.48121085372478
7304,109.918072413577
7306,102.36222973592524
7308,93.33995878688506
7309,104.54097655321162
7312,95.7868591207324
7313,76.87945384687617
7314,92.87628540445492
7316,90.78564672631518
7319,108.83494756512258
7321,96.91760803778543
7323,96.70154807137696
7324,105.68856821803948
7325,95.89637077915614
7328,105.80582395738521
7330,76.21567437987316
7334,95.6540624402186
7337,110.09784237732083
7338,100.52068620054834
7339,90.73195560447937
7341,91.82374513586045
7342,110.06965188792317
7344,113.67933167534375
7345,111.80836200364716
7347,109.2079306152097
7349,109.54988869448549
7350,94.52214077108161
7353,111.77635933195411
7355,111.5641592451722
7356,93.92993953810101
7357,110.73041657680459
7358,98.07217061943285
7360,94.55190352672813
7363,107.04985605931827
7364,97.02381458794615
7366,94.24188049904409
7368,96.85925206353186
7369,111.2974390972702
7370,89.04762039785287
7373,95.51066363839693
7374,110.55261437683231
7375,95.69078051553278
7377,95.25330305429566
7379,90.19146489777404
7380,116.91158589311515
7382,109.27871392460783
7383,94.25284320352245
7385,97.3680521659341
7386,106.37878191007543
7391,99.68146338151143
7394,97.62203747691655
7396,111.8130974926993
7397,97.52984150282019
7399,95.22926527922249
7400,107.52043196035709
7403,76.77538382531336
7405,110.35822156983201
7408,111.31479091893873
7414,117.47507853334845
7416,106.36269314775426
7417,97.34800794243807
7419,95.17386891806822
7420,98.64999229572265
7421,97.17806064144725
7422,97.2710694387326
7423,108.28674463502153
7425,77.87368665028318
7430,95.92455931691296
7432,98.15894681870958
7433,98.26602851889571
7434,111.82783064175815
7436,108.74069607947605
7437,93.7258429132903
7438,106.22603300945883
7440,104.89637250799578
7441,96.50431922145827
7442,112.81654226548991
7445,109.48102295909018
7446,105.68705689629284
7448,110.61773827615154
7450,109.0337148433387
7451,93.1743852128719
7454,108.75944309510484
7455,94.1579958085055
7457,108.52894766654536
7459,105.80345784032357
7462,92.6466620116998
7464,93.1743852128719
7465,110.6702343744437
7466,94.14218665769212
7467,109.6063878863016
7469,111.40156538561534
7472,95.71045438456089
7473,112.3378182415643
7479,95.6540624402186
7480,106.27503757292277
7484,110.70149622788972
7491,94.80702968587902
7494,106.7337187179877
7495,96.05443631034996
7501,92.85825301631299
7503,93.89687769342383
7504,105.22399426509118
7505,99.2181451905166
7508,111.3930170248093
7509,89.68999510841657
7510,76.87945384687617
7511,115.37940718624415
7515,96.58863704633232
7516,108.9345166016069
7517,97.1436736511568
7518,106.76656673720767
7519,95.17068548069619
7521,100.5047916768736
7522,104.7112283016898
7524,105.42524560015899
7526,106.17398176575517
7527,97.09643889427635
7528,103.85735543841088
7529,96.96573921858297
7534,105.95652663168737
7537,113.94878212707863
7538,93.73991192928281
7540,98.28946563805405
7541,111.81369293621307
7545,109.54131275737659
7551,116.22556447969373
7553,95.51072299486427
7554,103.92237021003575
7555,96.43679031637797
7561,110.68835516069012
7562,93.28790568888944
7564,97.17732089066297
7565,105.5142826332967
7566,95.07763596427426
7567,106.68032045554982
7569,104.73844338925562
7570,99.97675168563347
7571,115.72748936625655
7572,92.11343710577265
7574,105.18371005391259
7578,110.16032181631482
7579,93.35686381808306
7586,94.47305091690745
7587,87.15936447882935
7590,94.54104286631974
7593,112.3378182415643
7594,97.64936234035326
7595,95.07763596427426
7600,94.32100930836327
7601,86.07854034435353
7602,90.83703004871032
7603,112.65076410000795
7604,95.51360489754816
7606,91.89657619213723
7608,116.22793059675539
7613,77.13337626121736
7615,109.87463470208817
7616,108.80428743670852
7617,111.96742077022634
7618,97.09643889427635
7619,105.00876518548473
7622,96.23969670502251
7623,105.3874398413945
7624,97.43183289992544
7625,106.68707169954767
7626,95.75797784565071
7627,105.61434528932662
7628,81.59851927139765
7631,108.31875209543178
7632,105.20767562449852
7633,96.82675313509168
7634,97.43572220966145
7635,92.83565163282233
7636,110.08152373672817
7637,110.08152373672817
7639,93.88980434765608
7640,76.75157131225825
7644,113.62075677766036
7645,90.68860120690609
7648,106.04464060561332
7649,96.81934126826302
7650,109.52499411678393
7652,110.6702343744437
7653,91.89743186348278
7655,93.59003295686917
7659,109.83489483629916
7662,96.422988531252
7664,92.2162920443272
7666,97.39228811452853
7668,96.9824763223666
7669,101.52583290571536
7670,97.44622064604783
7672,96.52653528826593
7673,111.3181670515134
7678,94.43029873441941
7679,82.52773106901756
7680,106.36323054307853
7683,89.32509388853927
7685,115.89022905124585
7688,93.14573564981133
7690,109.00360766184728
7692,94.69099744533955
7693,95.184308261966
7695,110.09784237732083
7696,95.63388571038202
7698,95.65631713363288
7699,111.01545301156365
7702,90.6341551660812
7703,110.05333324733051
7704,96.69178437778037
7707,115.37940718624415
7713,78.10600853817554
7715,106.56034530377076
7717,110.35691842107627
7718,95.25866661212137
7719,105.47480995611379
7721,97.41525378536221
7722,96.69811947869049
7725,104.48114245741114
7727,106.1063309106992
7730,85.5148182421353
7733,91.29563901367617
7735,104.47763341522591
7740,110.03728358863334
7741,111.552555667733
7742,90.92501416645894
7744,110.79370805925296
7747,96.11623405572631
7750,78.21918369293797
7752,109.56360894507601
7754,111.91102099301635
7756,106.59763017682114
7757,96.63768841371882
7758,107.35656689886508
7760,106.34718088438136
7761,95.0824863404563
7763,111.80756234187407
7765,95.50529319689805
7767,110.06547407803102
7768,95.85627562463671
7771,97.70381269399067
7773,92.4091762714442
7774,112.83942729121944
7776,107.53051795389622
7779,95.92338590900205
7783,92.40395944135147
7786,107.01291314122675
7787,96.81501113080964
7789,95.87044364144201
7791,96.70243470909935
7793,96.13914046729282
7794,109.04245248528812
7795,92.63328834536642
7799,76.74700324414829
7800,110.8019277692383
7802,97.52678945675368
7805,109.98140799335714
7807,104.44255478115215
7808,100.06819141820849
7811,106.24266927363296
7817,108.78823777801135
7818,105.19162596580135
7819,93.14201691358207
7822,95.157937219107
7823,109.70902638891442
7825,113.48521803659924
7828,90.94413042140044
7832,90.84351803901556
7833,77.07027091584106
7834,110.32572826001429
7835,97.71598502459199
7837,95.31909543149108
7840,92.55305519448795
7842,93.14549005259526
7843,111.6874272901606
7844,93.47063096059598
7846,95.0824863404563
7850,95.01591270765566
7853,113.8494099962318
7855,116.2549079743769
7858,94.78480087737996
7863,109.60398829437844
7865,113.7715878031888
7866,90.81073223383467
7868,89.70690675085457
7869,112.3880931428381
7871,76.55094959352526
7872,104.81622037732797
7874,104.19271500673
7877,110.05099077008948
7878,90.67255154820892
7879,111.22299661122311
7881,90.84174340720601
7883,97.64688582069965
7885,108.25446214007052
7886,95.4946733361671
7889,96.77918615997947
7890,110.09775614798721
7891,95.61871151710181
7893,94.7121491969952
7894,105.60755422720092
7896,109.50894445808677
7898,106.24565815987945
7901,97.00886856518383
7902,109.19188095651253
7904,111.22020135712003
7905,97.57740657293527
7906,103.27977443254234
7909,93.30759048759525
7910,105.87286282325155
7913,93.84271036238589
7918,113.559882660862
7919,91.74255739944158
7923,89.94832742333848
7925,95.11090205590307
7927,90.11795698830717
7930,95.03736572694818
7932,96.18297808901544
7933,91.42380339295576
7935,94.22622531642116
7939,105.42123348174782
7942,90.84323532486692
7943,104.20900522916432
7945,104.69794472613192
7946,96.8432024048347
7948,96.26815378222908
7949,112.32176858286715
7950,90.91479337588932
7951,110.06547407803102
7955,104.89688512214624
7959,97.00776492924898
7960,110.03728358863334
7961,94.74298033327707
7962,103.95906076181407
7964,103.72504129852543
7965,95.23223065650437
7966,113.60470711896319
7967,103.62290956556029
7968,98.60116649137586
7971,105.7735080638619
7974,91.74255739944158
7976,99.12821402735096
7978,109.52123164943868
7982,110.03728358863334
7983,93.32900621625294
7984,105.59003224204658
7986,90.87836218516574
7989,112.32176858286715
7991,109.19188095651253
7992,110.1528011391455
7993,93.25570357322279
7994,114.01884265397524
7995,90.84351803901556
7997,95.27293744214018
7998,105.59003224204658
7999,108.78823777801135
8002,91.76060921806196
8007,94.013054653005
8009,95.77416061204298
8011,93.70377733227747
8013,97.02606028552249
8015,107.97112000684531
8017,111.51527741662514
8019,115.87417939254868
8023,96.11571402030724
8024,110.053602229226
8026,111.04743900589224
8027,91.39704881650619
8029,94.22575522114535
8030,110.6492842994578
8031,92.57853812407781
8033,96.37860971316869
8035,98.04528167567655
8036,111.41741913747485
8039,105.65328215413784
8042,90.06415018835833
8044,92.42795255024635
8046,84.3916048657222
8048,111.6792267192542
8049,97.57740657293527
8050,108.2458753579221
8053,95.27933278801771
8054,91.1816447888358
8059,93.56771367506401
8061,91.4086854165185
8062,110.71066718175632
8064,112.68659037387805
8066,104.47649217880578
8067,95.74359589735873
8068,97.73394349581169
8070,96.15087176493664
8071,113.62102575955585
8072,91.409632286658
8076,91.28172253853896
8080,90.98510789095762
8081,110.08822618949256
8084,95.85216825320745
8087,112.05083196299418
8089,91.06417090113972
8090,116.84634506292296
8091,106.27131883669351
8094,114.5059978507725
8100,90.10661324175881
8101,96.02814581934571
8110,94.99109347240343
8111,109.19188095651253
8112,97.78678162467415
8115,101.86290934298795
8116,96.65686304672055
8118,112.68659037387805
8121,116.92501669488038
8125,110.21488552273372
8127,109.52532497961201
8128,91.31219055529523
8129,109.3912011816513
8131,94.03881155339795
8138,96.716733440762
8139,106.3166784422989
8140,93.62921722751437
8141,92.4091762714442
8142,109.50576682753032
8143,109.89743500912783
8145,111.04743900589224
8146,90.67022797049059
8148,117.34262793062055
8153,111.14446124408164
8154,88.43829189542
8155,111.40965131473519
8161,95.7315041426834
8162,111.88968471447232
8163,89.6739454497194
8166,109.16468901294628
8168,111.60814086827376
8170,92.5237752839562
8172,109.20414828138588
8173,91.75482472431493
8176,105.71110625013624
8179,95.71439780170219
8181,95.3086529320823
8182,115.91588795702728
8184,109.84335478410091
8190,106.35944820925471
8191,97.55808975642255
8194,111.08869767015996
8196,100.59108701223792
8198,113.33204519506701
8199,114.04742861944125
8201,112.58704601199433
8202,94.14649411414872
8207,95.27017078006233
8208,109.42914130520927
8211,111.404609991689
8214,111.24919374737763
8217,95.7277396779189
8218,107.90255471308521
8222,97.2730185533125
8229,108.81985499617043
8231,93.67857899944582
8233,97.27076472050895
8236,95.94899511009211
8238,110.11973284218163
8240,104.46914715689249
8243,106.9871923438452
8246,112.25191121688825
8250,90.99932209810581
8254,96.73605960224845
8256,76.60788820310586
8257,111.12846123985867
8258,93.23134323521002
8260,93.16762611467213
8261,111.19677865142793
8263,108.97691531130185
8264,96.70907005310195
8267,110.0390044098823
8268,92.64100340330599
8271,92.54821765147975
8272,109.42914130520927
8275,95.7345232747051
8276,95.53648493577627
8277,106.88523885912957
8278,116.09002401258773
8279,91.39640297108197
8280,110.96742700509623
8281,95.54893210031771
8282,109.97406227490636
8287,112.59079222969675
8288,91.78049752299954
8289,110.06587317051287
8294,92.82258609407596
8296,92.43478547253424
8299,110.61199686881788
8302,105.6442910061972
8308,111.91568490695951
8314,104.18824490531594
8315,95.69519005291681
8316,101.66228483579893
8317,94.12390210955353
8319,108.88962326541204
8320,88.22375646992016
8321,116.84655587440761
8323,93.8023672142539
8325,96.60303620536745
8326,111.61955667821692
8328,109.2298210800705
8330,111.55748306715145
8331,91.4668397631802
8332,113.1496015321556
8334,97.11673027469341
8338,89.84772808426126
8339,96.62364440655065
8341,93.42497791883635
8345,113.90622073390026
8346,95.3343257307669
8347,104.15319404353873
8349,96.52021263141079
8351,95.76944426624136
8352,111.1352337243584
8353,109.2298210800705
8355,106.10693101764373
8358,108.82617790156932
8359,111.33846586670708
8360,92.94570103566772
8361,111.93184627110276
8363,105.27265430136526
8364,94.16558587314418
8365,97.29414180475023
8366,105.24588472995197
8370,109.99076028785638
8372,94.8115928730035
8376,96.88901211025093
8377,112.06004381979561
8379,110.20194461170134
8380,91.063900525757
8381,110.94642287923855
8386,89.4040149287625
8388,104.21665102464092
8389,98.51111748055074
8391,111.99575721153747
8394,96.73605960224845
8396,105.92903982814785
8398,104.18792855857916
8400,112.44140799646625
8401,91.4790972914993
8404,93.42497791883635
8407,97.29295990359338
8408,109.56320322223738
8409,109.07437661755225
8410,106.16344121563124
8411,94.17857018093814
8413,92.24597131692704
8414,111.65864347010692
8416,95.54707758832753
